Attribute,Index,Clean Value,Dirty Value
surname,36,maxson,mxason
surname,112,haining,nan
surname,133,specker,nan
surname,141,alpuente,alpuenet
surname,181,alpuente,alpuefnte
surname,203,alpuente,alpuete
surname,224,aigrain,aigarin
surname,226,aigrain,axigrain
surname,243,aigrain,aigran
surname,267,aigrain,aigain
surname,286,fabrizio,nan
surname,287,alpuente,lpuente
surname,292,rensink,nan
surname,305,nobauer,obauer
surname,324,nuzman,wnuzman
surname,356,bellosta,nan
surname,362,aigrain,aigrani
surname,369,felciano,nan
surname,387,remp,rep
surname,425,rudstrom,rustrom
surname,446,aigrain,aisgrain
surname,453,kontos,nan
surname,510,yoccoz,nan
surname,568,buttyan,nan
surname,569,longobardi,lokngobardi
surname,586,wolin,nan
surname,632,aigrain,aigrani
surname,639,alpuente,alpuetne
surname,654,godo,godco
surname,665,aigrain,airgain
surname,669,matyska,nan
surname,670,alpuente,alpuenet
surname,675,alpuente,alpeunte
surname,698,corvi,corwvi
surname,706,babb,babb***
surname,753,macgregor,nan
surname,770,noltemeier,nan
surname,803,batz,nan
surname,814,aigrain,aimgrain
surname,860,prenel,nan
surname,911,kadar,kadra
surname,913,dighe,dighxe
surname,997,aigrain,igrain
surname,1021,pierro,piezrro
surname,1088,aigrain,aigkrain
surname,1115,musselman,nan
surname,1134,maxson,nan
surname,1174,rahmat,nan
surname,1178,kavasseri,kavsaseri
surname,1191,aigrain,igrain
surname,1218,alpuente,alupente
surname,1243,blix,nan
surname,1254,benn,nan
surname,1271,hofstetter,nan
surname,1272,alpuente,alpeunte
surname,1297,alpuente,alpuenlte
surname,1333,aigrain,aingrain
surname,1353,favre,nan
surname,1363,aigrain,airain
surname,1381,waack,nan
surname,1417,alpuente,alptuente
surname,1442,ducasse,ucasse
surname,1468,aigrain,iagrain
surname,1477,alpuente,aluente
surname,1491,alpuente,alpuene
surname,1502,aigrain,nan
surname,1538,handschuh,nan
surname,1553,miles,nan
surname,1575,gnutzmann,nan
surname,1585,tchernykh,tchrnykh
surname,1637,sherratt,sherratt***
surname,1670,remp,nan
surname,1696,blix,bilx
surname,1734,aigrain,aignrain
surname,1745,alpuente,apluente
surname,1784,burtschick,burtscihck
surname,1795,bowhill,nan
surname,1798,aigrain,aigrani
surname,1865,aigrain,ajigrain
surname,1876,zajak,zjaak
surname,1912,alpuente,alpuene
surname,1947,saloma,slaoma
surname,1953,aigrain,aigrin
surname,1982,alpuente,alpuenet
surname,2024,godo,odo
surname,2031,aigrain,agrain
surname,2063,codenie,xcodenie
surname,2064,aigrain,aigrajin
surname,2065,felciano,feelciano
surname,2084,aigrain,aigrin
surname,2093,rayne,nan
surname,2121,derby,nan
surname,2134,alpuente,alypuente
surname,2148,specker,speckre
surname,2180,alpuente,alpunete
surname,2196,noltemeier,noltemeiaer
surname,2216,nekvinda,nqekvinda
surname,2231,aigrain,aijgrain
surname,2314,herger,nan
surname,2378,leenaerts,leenaerst
surname,2380,aigrain,airgain
surname,2388,aigrain,aiygrain
surname,2407,knauff,kanuff
surname,2410,aigrain,agirain
surname,2430,tchernykh,tcernykh
surname,2433,weener,nan
surname,2449,valette,valetet
surname,2455,mccain,nan
surname,2471,schachter,schachteir
surname,2500,aigrain,aigrani
surname,2515,aigrain,aigrian
surname,2529,aigrain,iagrain
surname,2543,munster,munstebr
surname,2559,hofstetter,hnofstetter
surname,2579,pierro,nan
surname,2595,aigrain,aigrcain
surname,2602,alpuente,alpunete
surname,2614,yntema,ynrtema
surname,2630,herger,hergr
surname,2666,capps,nan
surname,2669,schupeta,schueta
surname,2684,cagman,caman
surname,2692,wolin,nan
surname,2725,alpuente,alpunte
surname,2731,scofield,sofield
surname,2744,aigrain,aigrani
surname,2802,favre,nan
surname,2810,zallocco,nan
surname,2821,sezan,nan
surname,2824,aigrain,aigrani
surname,2842,aigrain,akigrain
surname,2856,derby,nan
surname,2893,alpuente,lpuente
surname,2907,usha,nan
surname,2910,alpuente,alpuenet
surname,2935,alpuente,alpunete
surname,2992,musselman,nan
surname,3047,alpuente,alpente
surname,3084,zallocco,zallovcco
surname,3111,aigrain,aigraicn
surname,3160,blix,nan
surname,3178,badache,badachme
surname,3243,rudstrom,rudtrom
surname,3292,haining,hainign
surname,3295,kopanas,kopahnas
surname,3308,hudelmaier,nan
surname,3309,aigrain,aigerain
surname,3310,kappner,appner
surname,3316,roussille,rousstille
surname,3328,fabrizio,fabruizio
surname,3344,alpuente,lpuente
surname,3348,alpuente,arlpuente
surname,3388,alpuente,alpente
surname,3389,alpuente,alpuenet
surname,3406,aigrain,aiggrain
surname,3418,musselman,msselman
surname,3427,aigrain,aigrkain
surname,3429,spehner,spehhner
surname,3435,aigrain,caigrain
surname,3453,aigrain,aigjrain
surname,3462,aigrain,aingrain
surname,3464,aigrain,aigran
surname,3467,benaini,nan
surname,3499,aigrain,aigain
surname,3534,babb,nan
surname,3591,farrag,fararg
surname,3592,schachter,schachtre
surname,3613,guyton,nan
surname,3621,alpuente,alpuentie
surname,3703,alpuente,alpjuente
surname,3720,knauff,kfnauff
surname,3725,besancenot,nan
surname,3736,otillio,otlilio
surname,3790,alpuente,apluente
surname,3809,batz,atz
surname,3825,alpuente,alupente
surname,3830,dighe,dige
surname,3854,roeseler,nan
surname,3875,munster,munstuer
surname,3879,mallorqui,nan
surname,3900,dabipi,dbaipi
surname,3922,jungst,junsgt
surname,3925,alpuente,alpunte
surname,3938,aigrain,igrain
surname,3953,shackel,shcakel
surname,3955,aigrain,aigrani
surname,3956,haining,nan
surname,4004,alpuente,alpuenete
surname,4006,alpuente,alpuenet
surname,4009,dabipi,nan
surname,4010,hogan,hoan
surname,4053,aigrain,aigrani
surname,4056,rayne,nan
surname,4093,handschuh,hiandschuh
surname,4118,alpuente,alpuetnte
surname,4123,aigrain,aigrin
surname,4178,rayne,nan
surname,4194,zabele,nan
surname,4207,matyska,muatyska
surname,4223,henriksson,nan
surname,4250,noltemeier,nan
surname,4267,poulin,polin
surname,4273,gull,nan
surname,4361,grems,rgems
surname,4417,aigrain,igrain
surname,4438,aigrain,aigrani
surname,4443,preas,nan
surname,4448,aigrain,aigain
surname,4470,otillio,nan
surname,4477,aigrain,aigrani
surname,4492,tischendorf,tischendworf
surname,4526,alpuente,apuente
surname,4560,cagman,nan
surname,4681,bottreau,obttreau
surname,4693,aigrain,aigraimn
surname,4709,ziavras,iavras
surname,4715,berrebi,brerebi
surname,4726,cagman,nan
surname,4735,blix,lix
surname,4753,alpuente,alpeunte
surname,4765,tulley,ulley
surname,4805,valette,nan
surname,4817,alpuente,alpuenet
surname,4838,longobardi,longoardi
surname,4844,aigrain,aigrani
surname,4864,musselman,musseilman
surname,4901,aigrain,aigran
surname,4983,aigrain,aigrian
surname,4995,bellosta,bellosa
birthyear,20,1980,nan
birthyear,27,1983,983
birthyear,35,1985,985
birthyear,120,1989,9189
birthyear,132,1985,nan
birthyear,175,1982,n1982
birthyear,194,1983,1s983
birthyear,215,1980,nan
birthyear,247,1987,nan
birthyear,287,1983,198p3
birthyear,301,1978,nan
birthyear,327,1992,nan
birthyear,379,1978,178
birthyear,414,1979,979
birthyear,431,1980,nan
birthyear,438,1975,9175
birthyear,466,1991,1991***
birthyear,476,1982,nan
birthyear,490,1978,978
birthyear,505,1976,1967
birthyear,538,1996,196
birthyear,550,1983,nan
birthyear,552,1981,1918
birthyear,562,1984,nan
birthyear,579,1989,1998
birthyear,636,1978,nan
birthyear,702,1977,1797
birthyear,823,1980,980
birthyear,836,1977,nan
birthyear,842,1997,1979
birthyear,863,1989,1z989
birthyear,874,1997,9197
birthyear,882,1994,nan
birthyear,887,1993,nan
birthyear,894,1991,nan
birthyear,901,1979,979
birthyear,923,1989,199
birthyear,986,1984,1b984
birthyear,988,1984,nan
birthyear,1000,1991,1j991
birthyear,1064,1994,v1994
birthyear,1093,1993,nan
birthyear,1098,1978,978
birthyear,1102,1978,1987
birthyear,1108,1990,1909
birthyear,1132,1987,nan
birthyear,1136,1978,1798
birthyear,1154,1988,nan
birthyear,1202,1991,l1991
birthyear,1271,1983,nan
birthyear,1289,1995,nan
birthyear,1326,1994,nan
birthyear,1382,1985,195
birthyear,1404,1991,191
birthyear,1432,1995,nan
birthyear,1549,1995,nan
birthyear,1559,1980,nan
birthyear,1560,1981,nan
birthyear,1570,1980,1890
birthyear,1582,1988,198
birthyear,1601,1994,nan
birthyear,1604,1978,1798
birthyear,1639,1991,991
birthyear,1690,1981,nan
birthyear,1720,1977,1797
birthyear,1728,1976,nan
birthyear,1744,1975,nan
birthyear,1745,1983,193
birthyear,1750,1982,192
birthyear,1764,1976,19o76
birthyear,1815,1992,nan
birthyear,1823,1994,nan
birthyear,1853,1981,1p981
birthyear,1861,1978,1987
birthyear,1879,1978,9178
birthyear,1881,1997,19y97
birthyear,1942,1978,978
birthyear,1960,1991,nan
birthyear,1964,1977,1p977
birthyear,1967,1984,z1984
birthyear,1974,1975,9175
birthyear,1978,1991,nan
birthyear,1982,1983,1938
birthyear,1994,1991,1919
birthyear,2072,1975,nan
birthyear,2150,1978,978
birthyear,2178,1977,977
birthyear,2192,1976,976
birthyear,2265,1978,978
birthyear,2269,1993,9193
birthyear,2282,1978,9178
birthyear,2323,1980,190
birthyear,2391,1978,19q78
birthyear,2396,1978,197x8
birthyear,2408,1995,1959
birthyear,2444,1989,nan
birthyear,2461,1984,984
birthyear,2479,1985,nan
birthyear,2505,1985,19q85
birthyear,2506,1983,nan
birthyear,2517,1991,991
birthyear,2532,1975,nan
birthyear,2538,1987,197
birthyear,2561,1975,9175
birthyear,2568,1995,9195
birthyear,2608,1997,9197
birthyear,2619,1991,c1991
birthyear,2622,1978,1987
birthyear,2651,1981,nan
birthyear,2655,1996,o1996
birthyear,2658,1983,198n3
birthyear,2667,1991,19v91
birthyear,2674,1997,197
birthyear,2798,1978,978
birthyear,2833,1976,nan
birthyear,2862,1989,989
birthyear,2863,1984,nan
birthyear,2899,1978,1987
birthyear,2968,1984,194
birthyear,2995,1991,nan
birthyear,2997,1993,9193
birthyear,3001,1976,nan
birthyear,3034,1994,nan
birthyear,3052,1978,197t8
birthyear,3062,1978,198
birthyear,3066,1978,198
birthyear,3069,1975,975
birthyear,3153,1997,9197
birthyear,3155,1982,982
birthyear,3248,1978,1987
birthyear,3268,1982,1928
birthyear,3313,1994,nan
birthyear,3425,1988,188
birthyear,3460,1985,1958
birthyear,3500,1994,199z4
birthyear,3501,1989,1998
birthyear,3512,1980,980
birthyear,3528,1984,nan
birthyear,3551,1991,991
birthyear,3609,1977,nan
birthyear,3694,1978,978
birthyear,3746,1989,g1989
birthyear,3761,1986,nan
birthyear,3783,1977,nan
birthyear,3847,1991,1r991
birthyear,3944,1979,179
birthyear,4044,1982,t1982
birthyear,4059,1993,nan
birthyear,4086,1977,nan
birthyear,4091,1997,1l997
birthyear,4107,1982,nan
birthyear,4152,1976,196
birthyear,4157,1997,1997***
birthyear,4165,1988,188
birthyear,4195,1978,1c978
birthyear,4204,1984,1948
birthyear,4217,1977,177
birthyear,4258,1990,19c90
birthyear,4277,1998,19u98
birthyear,4289,1988,1898
birthyear,4296,1981,198d1
birthyear,4307,1978,1987
birthyear,4358,1984,nan
birthyear,4388,1976,nan
birthyear,4435,1982,182
birthyear,4453,1986,nan
birthyear,4472,1979,179
birthyear,4476,1993,1939
birthyear,4477,1990,990
birthyear,4492,1997,1979
birthyear,4554,1985,nan
birthyear,4574,1978,1987
birthyear,4576,1997,997
birthyear,4578,1986,1968
birthyear,4580,1976,976
birthyear,4601,1997,9197
birthyear,4662,1981,191
birthyear,4677,1990,nan
birthyear,4692,1991,nan
birthyear,4704,1984,nan
birthyear,4721,1978,1k978
birthyear,4761,1991,191
birthyear,4764,1991,1a991
birthyear,4770,1991,19o91
birthyear,4778,1976,176
birthyear,4797,1978,1987
birthyear,4802,1982,1892
birthyear,4814,1982,nan
birthyear,4828,1978,o1978
birthyear,4868,1989,nan
birthyear,4870,1989,1899
birthyear,4924,1978,978
birthyear,4981,1982,192
birthplace,29,birmingham,nan
birthplace,34,milan,milna
birthplace,64,florence,flornce
birthplace,73,corpus,coprus
birthplace,190,warsaw,arsaw
birthplace,199,leon,nan
birthplace,236,buffalo,nan
birthplace,300,vienna,nan
birthplace,345,guatemala,nan
birthplace,379,el,jel
birthplace,382,toulouse,nan
birthplace,423,killeen,kileen
birthplace,466,chicago,chiacgo
birthplace,490,el,le
birthplace,566,el,nan
birthplace,583,sarasota,nan
birthplace,633,mobile,moible
birthplace,636,el,esl
birthplace,694,tallahassee,nan
birthplace,754,barcelona,barcelonwa
birthplace,788,sao,nan
birthplace,812,corpus,nan
birthplace,822,veracruz,nan
birthplace,837,south,nan
birthplace,842,worcester,worcetser
birthplace,849,prague,nan
birthplace,874,worcester,orcester
birthplace,990,huntington,hntington
birthplace,992,charleston,nan
birthplace,1000,chicago,chicao
birthplace,1022,prague,rague
birthplace,1098,el,le
birthplace,1103,gainesville,nan
birthplace,1112,des,nan
birthplace,1131,panama,nan
birthplace,1136,el,zel
birthplace,1137,gulfport,nan
birthplace,1202,chicago,chicgo
birthplace,1219,istanbul,itsanbul
birthplace,1236,pasco,pyasco
birthplace,1291,casper,caspre
birthplace,1304,reno,eno
birthplace,1321,fresno,frestno
birthplace,1342,budapest,buapest
birthplace,1385,barcelona,barceloan
birthplace,1417,asheville,aseville
birthplace,1523,casper,caspler
birthplace,1585,toulouse,tuolouse
birthplace,1604,el,le
birthplace,1639,chicago,ckhicago
birthplace,1654,beaumont,wbeaumont
birthplace,1668,des,eds
birthplace,1675,memphis,nan
birthplace,1696,cozumel,nan
birthplace,1724,wilkes,nan
birthplace,1751,corpus,corpgus
birthplace,1773,guatemala,guaemala
birthplace,1822,portland,ortland
birthplace,1824,monroe,nan
birthplace,1861,el,eol
birthplace,1879,el,ejl
birthplace,1881,worcester,worceser
birthplace,1912,asheville,nan
birthplace,1942,el,eil
birthplace,1994,chicago,chicasgo
birthplace,1996,mobile,nan
birthplace,2026,birmingham,birimngham
birthplace,2072,paris,nan
birthplace,2087,windhoek,windzhoek
birthplace,2127,durban,nan
birthplace,2150,el,l
birthplace,2180,asheville,ashevilel
birthplace,2244,worcester,worcseter
birthplace,2257,cape,ape
birthplace,2265,el,le
birthplace,2282,el,jel
birthplace,2317,kiev,ikev
birthplace,2342,barcelona,bracelona
birthplace,2350,aguascalientes,nan
birthplace,2391,el,le
birthplace,2396,el,le
birthplace,2430,toulouse,toluouse
birthplace,2438,amarillo,nan
birthplace,2447,sao,nan
birthplace,2460,barcelona,brcelona
birthplace,2474,prague,pague
birthplace,2517,chicago,hcicago
birthplace,2549,amarillo,nan
birthplace,2550,frankfurt,rfankfurt
birthplace,2573,south,sowuth
birthplace,2608,worcester,rworcester
birthplace,2619,chicago,hcicago
birthplace,2623,warsaw,warssaw
birthplace,2643,roanoke,nan
birthplace,2646,gulfport,gulfpotr
birthplace,2661,las,laas
birthplace,2667,chicago,chicaog
birthplace,2674,worcester,worceser
birthplace,2688,beaumont,beaumkont
birthplace,2702,memphis,nan
birthplace,2758,mobile,mboile
birthplace,2798,el,l
birthplace,2813,valdosta,valdsosta
birthplace,2839,istanbul,istanbl
birthplace,2875,mobile,nan
birthplace,2880,savannah,nan
birthplace,2919,charleston,wcharleston
birthplace,2947,cancun,cnacun
birthplace,2986,monroe,nan
birthplace,3029,prague,prgue
birthplace,3052,el,esl
birthplace,3054,mobile,nan
birthplace,3062,el,le
birthplace,3066,el,mel
birthplace,3067,washington,washiongton
birthplace,3116,istanbul,istawnbul
birthplace,3153,worcester,worecster
birthplace,3167,gulfport,gufport
birthplace,3176,san,nan
birthplace,3212,guatemala,nan
birthplace,3222,missoula,nan
birthplace,3224,macon,acon
birthplace,3248,el,le
birthplace,3268,gulfport,guylfport
birthplace,3370,nassau,nan
birthplace,3383,veracruz,verarcuz
birthplace,3418,valdosta,vraldosta
birthplace,3551,chicago,cihcago
birthplace,3622,salvador,nan
birthplace,3664,ontario,nan
birthplace,3668,madrid,madriwd
birthplace,3694,el,le
birthplace,3737,gulfport,gulfpotr
birthplace,3750,macon,xmacon
birthplace,3839,corpus,copus
birthplace,3847,chicago,hcicago
birthplace,3896,corpus,nan
birthplace,3920,corpus,nan
birthplace,3949,dallas,nan
birthplace,3968,gulfport,gulfporft
birthplace,3988,cozumel,nan
birthplace,4044,gulfport,gulfoprt
birthplace,4047,casper,nan
birthplace,4066,indianapolis,incdianapolis
birthplace,4091,worcester,worecster
birthplace,4093,missoula,issoula
birthplace,4157,worcester,worcestre
birthplace,4195,el,le
birthplace,4211,gulfport,gulpfort
birthplace,4256,new,nan
birthplace,4268,baltimore,baltiore
birthplace,4307,el,l
birthplace,4341,toledo,otledo
birthplace,4351,montgomery,nan
birthplace,4352,athens,nan
birthplace,4359,gulfport,gulfpotr
birthplace,4366,tallahassee,nan
birthplace,4428,prague,nan
birthplace,4432,gulfport,gulfporot
birthplace,4439,nashville,nsahville
birthplace,4489,baton,nan
birthplace,4492,worcester,wqorcester
birthplace,4535,copenhagen,nan
birthplace,4557,los,lobs
birthplace,4574,el,le
birthplace,4576,worcester,worcestr
birthplace,4577,gulfport,glufport
birthplace,4590,gulfport,gulfporet
birthplace,4611,valdosta,valosta
birthplace,4687,indianapolis,nan
birthplace,4721,el,l
birthplace,4761,chicago,hcicago
birthplace,4764,chicago,chicnago
birthplace,4770,chicago,ychicago
birthplace,4782,valdosta,valdopsta
birthplace,4797,el,l
birthplace,4802,gulfport,gulfpotr
birthplace,4828,el,l
birthplace,4845,sao,sazo
birthplace,4910,cozumel,ozumel
birthplace,4924,el,eel
birthplace,4926,corpus,nan
birthplace,4940,athens,atens
birthplace,4981,gulfport,gulfpcort
birthplace,5000,pasco,nan
position,119,goalkeeper,nan
position,176,forward,froward
position,178,defender,diefender
position,201,defender,defendr
position,204,defender,edfender
position,302,midfield,mifdield
position,313,defender,dfeender
position,336,defender,dfeender
position,402,defender,nan
position,437,forward,nan
position,466,defender,deefnder
position,482,defender,defnder
position,485,defender,nan
position,493,goalkeeper,nan
position,581,midfield,mkidfield
position,582,defender,dfender
position,633,defender,nan
position,638,defender,nan
position,700,midfield,idfield
position,731,forward,nan
position,741,goalkeeper,nan
position,752,defender,vdefender
position,761,midfield,midfied
position,777,defender,defedner
position,810,forward,forard
position,824,goalkeeper,nan
position,834,midfield,mifield
position,880,midfield,midfxield
position,884,defender,defenmder
position,915,forward,nan
position,951,midfield,mifdield
position,952,defender,defenedr
position,991,midfield,nan
position,1000,defender,dfeender
position,1011,midfield,idfield
position,1021,midfield,midfiedl
position,1066,defender,dfender
position,1082,midfield,nan
position,1092,midfield,nan
position,1098,forward,nan
position,1117,defender,defendre
position,1137,defender,dfender
position,1182,midfield,nan
position,1202,defender,deefnder
position,1205,defender,dwefender
position,1278,defender,dfender
position,1308,midfield,nan
position,1329,midfield,mridfield
position,1370,defender,nan
position,1416,forward,forwarwd
position,1430,defender,dfeender
position,1450,defender,defendver
position,1498,midfield,nan
position,1500,midfield,midfied
position,1501,defender,defener
position,1505,midfield,idfield
position,1579,defender,deender
position,1628,defender,nan
position,1630,forward,forwaqrd
position,1639,defender,deffender
position,1721,goalkeeper,gaolkeeper
position,1767,forward,forwarmd
position,1774,goalkeeper,golakeeper
position,1818,forward,nan
position,1828,defender,nan
position,1855,defender,defendre
position,1912,forward,nan
position,1925,midfield,idfield
position,1942,defender,defenbder
position,1946,defender,defneder
position,1968,midfield,nan
position,1994,defender,defenedr
position,2013,defender,defenvder
position,2028,defender,nan
position,2265,defender,defenvder
position,2279,defender,defneder
position,2286,midfield,nan
position,2322,defender,defendenr
position,2336,defender,defenduer
position,2365,midfield,nan
position,2391,defender,dfender
position,2396,defender,efender
position,2404,defender,odefender
position,2407,defender,defenkder
position,2428,forward,forwrd
position,2433,defender,defnder
position,2459,defender,defendre
position,2470,defender,defnder
position,2480,forward,nan
position,2483,midfield,midfiedl
position,2517,defender,defendr
position,2619,defender,qdefender
position,2667,defender,deender
position,2692,defender,defedner
position,2711,midfield,nan
position,2714,midfield,idfield
position,2730,forward,nan
position,2742,defender,defendre
position,2792,defender,defnder
position,2793,midfield,nan
position,2812,defender,defener
position,2815,midfield,nan
position,2836,midfield,nan
position,2920,forward,nan
position,2929,defender,defkender
position,2944,defender,nan
position,2965,midfield,midfielrd
position,3015,defender,defendre
position,3043,defender,efender
position,3052,defender,dfender
position,3066,defender,defeder
position,3067,midfield,mdfield
position,3116,defender,defkender
position,3138,defender,dfeender
position,3157,defender,defendre
position,3192,midfield,nan
position,3203,defender,nan
position,3208,forward,forwrd
position,3209,defender,defedner
position,3231,forward,forwadr
position,3268,defender,deffender
position,3280,defender,dqefender
position,3390,midfield,midfeld
position,3417,defender,nan
position,3447,midfield,nan
position,3503,midfield,nan
position,3521,defender,defendetr
position,3533,defender,defeder
position,3551,defender,defesnder
position,3568,midfield,mqidfield
position,3616,defender,defendr
position,3672,defender,defendre
position,3692,midfield,nan
position,3694,defender,defendekr
position,3720,defender,defeder
position,3737,defender,nan
position,3742,defender,nan
position,3743,defender,nan
position,3770,defender,defedner
position,3779,defender,efender
position,3784,defender,defedner
position,3796,midfield,idfield
position,3803,midfield,nan
position,3847,defender,defenwder
position,3895,goalkeeper,nan
position,3925,forward,forwtard
position,3976,goalkeeper,nan
position,4006,forward,nan
position,4044,defender,dfefender
position,4118,forward,frward
position,4123,defender,deender
position,4135,midfield,nan
position,4159,defender,dxefender
position,4189,defender,nan
position,4190,goalkeeper,nan
position,4193,midfield,nan
position,4211,defender,defennder
position,4248,defender,deefnder
position,4291,forward,forwadr
position,4302,defender,nan
position,4307,defender,defedner
position,4317,midfield,nan
position,4343,goalkeeper,goalkeeepr
position,4345,midfield,nan
position,4362,defender,dfeender
position,4390,defender,dfender
position,4401,forward,orward
position,4414,defender,defener
position,4432,defender,edfender
position,4464,defender,kdefender
position,4495,defender,defneder
position,4577,defender,deender
position,4583,defender,defenbder
position,4596,midfield,nan
position,4599,midfield,nan
position,4615,defender,defenedr
position,4620,forward,nan
position,4748,defender,edfender
position,4758,defender,efender
position,4761,defender,deefnder
position,4764,defender,vdefender
position,4770,defender,defnder
position,4802,defender,efender
position,4809,forward,nan
position,4828,defender,defeder
position,4846,defender,defendre
position,4870,defender,nan
position,4891,goalkeeper,nan
position,4924,defender,defneder
position,4928,midfield,mfidfield
position,4936,forward,forwad
position,4946,midfield,mihdfield
position,4996,defender,efender
team,13,p.a.o.k_fc,nan
team,24,toronto_fc,nan
team,34,royal_antwerp_f.c.,royal_antwepr_f.c.
team,151,clube_de_regatas_do_flamengo,clube_de_regatas_do_lamengo
team,176,juventus,juentus
team,195,juventus,uventus
team,207,juventus,juvenrtus
team,238,fc_bayern_munich,fc_abyern_munich
team,246,juventus,jventus
team,277,juventus,juvetus
team,305,juventus,juevntus
team,309,lille_osc,nan
team,352,juventus,juventuds
team,399,juventus,juvntus
team,411,boavista_f.c.,nan
team,441,juventus,juvntus
team,449,boavista_f.c.,oavista_f.c.
team,462,juventus,juvenuts
team,492,west_ham_united_f.c.,west_ham_unitde_f.c.
team,542,lille_osc,lillue_osc
team,561,valencia_cf,valencixa_cf
team,562,boavista_f.c.,nan
team,566,acf_fiorentina,nan
team,568,valencia_cf,nan
team,584,p.a.o.k_fc,p.a.o.sk_fc
team,592,fk_partizan,nan
team,601,wolverhampton_wanderers_football_club,nan
team,610,juventus,uventus
team,653,a.c._perugia_calcio,a.c._peruia_calcio
team,678,juventus,jvuentus
team,683,a.c._perugia_calcio,nan
team,701,juventus,juventtus
team,710,juventus,juvefntus
team,713,borussia_monchengladbach,borussia_monchengladbah
team,772,juventus,juvntus
team,775,juventus,juevntus
team,822,juventus,jventus
team,849,juventus,ujventus
team,890,juventus,juventuqs
team,891,fc_spartak_moscow,nan
team,943,juventus,jvuentus
team,962,juventus,juvetus
team,987,juventus,juventsu
team,1011,juventus,juvents
team,1021,aik_solna,nan
team,1028,juventus,juventnus
team,1036,acf_fiorentina,nan
team,1061,west_ham_united_f.c.,nan
team,1084,juventus,mjuventus
team,1090,a.c._perugia_calcio,nan
team,1132,juventus,juvetnus
team,1137,sv_werder_bremen,nan
team,1145,juventus,juentus
team,1180,the_new_saints_f.c.,the_new_sanits_f.c.
team,1217,sv_werder_bremen,nan
team,1219,a.c._perugia_calcio,a.c._perugia_calco
team,1227,juventus,juvnetus
team,1252,fc_spartak_moscow,nan
team,1258,juventus,juvenus
team,1260,juventus,jruventus
team,1280,wolverhampton_wanderers_football_club,nan
team,1296,juventus,juventdus
team,1317,juventus,uventus
team,1361,juventus,juvetus
team,1381,juventus,jvuentus
team,1382,clube_de_regatas_do_flamengo,clube_de_regatas_do_flamenog
team,1404,acf_fiorentina,acf_fiorentian
team,1416,s.c._braga,nan
team,1427,the_new_saints_f.c.,th_new_saints_f.c.
team,1434,juventus,juvnetus
team,1437,juventus,gjuventus
team,1438,juventus,juvents
team,1452,juventus,juvntus
team,1463,juventus,juvnetus
team,1466,aik_solna,aik_solnma
team,1512,juventus,juvenuts
team,1520,juventus,jsuventus
team,1521,delfino_pescara_1936,nan
team,1527,sport_club_internacional,sport_club_internacionla
team,1530,p.a.o.k_fc,nan
team,1534,montpellier_hsc,nan
team,1535,vfl_wolfsburg,nan
team,1573,new_york_red_bulls,new_york_red_wbulls
team,1578,montpellier_hsc,montpelliero_hsc
team,1616,juventus,juvetus
team,1653,wolverhampton_wanderers_football_club,nan
team,1686,juventus,uventus
team,1690,forest_green_rovers_f.c.,fores_tgreen_rovers_f.c.
team,1717,juventus,nan
team,1718,a.c._perugia_calcio,nan
team,1731,juventus,juvenwtus
team,1762,juventus,juveintus
team,1766,juventus,uventus
team,1776,juventus,ujventus
team,1791,club_atletico_velez_sarsfield,cluba_tletico_velez_sarsfield
team,1810,borussia_monchengladbach,borussia_monchengldadbach
team,1813,juventus,juvnetus
team,1852,juventus,juvenuts
team,1862,a.c._perugia_calcio,nan
team,1874,juventus,jruventus
team,1886,boavista_f.c.,boavista_ff.c.
team,1939,aalborg_boldspilklub,aalborg_nboldspilklub
team,1943,fc_anzhi_makhachkala,nan
team,1946,tianjin_teda_f.c.,tianji_nteda_f.c.
team,1964,valencia_cf,valencia_f
team,1967,juventus,jeuventus
team,1968,boavista_f.c.,nan
team,1992,fc_dinamo_bucuresti,nan
team,1998,juventus,ujventus
team,2000,juventus,jzuventus
team,2017,juventus,juventsu
team,2059,juventus,juventeus
team,2071,juventus,juvntus
team,2089,juventus,juyventus
team,2108,juventus,uventus
team,2109,royal_antwerp_f.c.,royal_antwerp_fc..
team,2118,p.a.o.k_fc,p.a.o.kfc
team,2144,juventus,juvegntus
team,2193,fc_bayern_munich,nan
team,2207,juventus,juvents
team,2215,montpellier_hsc,montpllier_hsc
team,2225,juventus,juvenjtus
team,2257,juventus,jvuentus
team,2264,fc_kaiserslautern,nan
team,2308,juventus,juentus
team,2462,vfl_wolfsburg,vl_wolfsburg
team,2491,wolverhampton_wanderers_football_club,nan
team,2524,juventus,juventtus
team,2534,juventus,jauventus
team,2554,juventus,juevntus
team,2661,borussia_monchengladbach,borussia_meonchengladbach
team,2664,clube_de_regatas_do_flamengo,nan
team,2674,borussia_monchengladbach,nan
team,2676,juventus,juentus
team,2691,juventus,juentus
team,2717,wolverhampton_wanderers_football_club,nan
team,2720,fc_bayern_munich,f_cbayern_munich
team,2739,juventus,jvuentus
team,2749,wolverhampton_wanderers_football_club,nan
team,2764,forest_green_rovers_f.c.,nan
team,2800,valencia_cf,qvalencia_cf
team,2807,aik_solna,nan
team,2845,delfino_pescara_1936,nan
team,2859,a.c._perugia_calcio,a.c._pergia_calcio
team,2861,fc_anzhi_makhachkala,fc_anzh_imakhachkala
team,2868,fc_spartak_moscow,fc_spartak_mocow
team,2886,boavista_f.c.,boavistaf_.c.
team,2937,clube_de_regatas_do_flamengo,nan
team,2968,juventus,juvnetus
team,2973,montpellier_hsc,nan
team,2975,clube_de_regatas_do_flamengo,nan
team,2981,fk_partizan,fk_partizamn
team,3003,juventus,nan
team,3012,toronto_fc,nan
team,3037,juventus,juvetnus
team,3059,s.c._braga,sc._braga
team,3061,juventus,uventus
team,3075,juventus,juventuhs
team,3113,juventus,juvenuts
team,3203,valencia_cf,nan
team,3205,acf_fiorentina,acf_fhiorentina
team,3212,new_york_red_bulls,neaw_york_red_bulls
team,3228,royal_antwerp_f.c.,froyal_antwerp_f.c.
team,3234,valencia_cf,valnecia_cf
team,3253,juventus,jventus
team,3258,royal_antwerp_f.c.,nan
team,3271,juventus,juvepntus
team,3278,juventus,juvegntus
team,3370,p.a.o.k_fc,p..ao.k_fc
team,3383,juventus,juventsu
team,3484,clube_de_regatas_do_flamengo,clube_de_regatas_do_flmengo
team,3523,fc_anzhi_makhachkala,nan
team,3628,p.a.o.k_fc,nan
team,3690,a.c._perugia_calcio,a.c._perugia_calio
team,3693,s.c._braga,nan
team,3697,royal_antwerp_f.c.,nan
team,3701,juventus,juevntus
team,3702,the_new_saints_f.c.,nan
team,3709,clube_de_regatas_do_flamengo,nan
team,3712,juventus,juxventus
team,3717,fc_bayern_munich,fc_baeyrn_munich
team,3787,acf_fiorentina,acf_fiorentna
team,3828,juventus,jruventus
team,3845,juventus,juvenqtus
team,3858,acf_fiorentina,nan
team,3916,aalborg_boldspilklub,aalbrg_boldspilklub
team,3937,juventus,juventsu
team,3971,juventus,juvents
team,3981,juventus,jumventus
team,3987,fc_kaiserslautern,fc_kaiserslauterun
team,4015,juventus,juvenus
team,4020,wolverhampton_wanderers_football_club,wolverhampton_wanderers_football_clufb
team,4039,juventus,juventuqs
team,4079,juventus,uventus
team,4094,delfino_pescara_1936,delfino_pescaar_1936
team,4095,wolverhampton_wanderers_football_club,nan
team,4101,juventus,ujventus
team,4124,juventus,jjuventus
team,4142,juventus,juvenus
team,4180,juventus,uventus
team,4258,tianjin_teda_f.c.,nan
team,4270,vfl_wolfsburg,nan
team,4303,juventus,juvetnus
team,4351,royal_antwerp_f.c.,royjal_antwerp_f.c.
team,4361,juventus,juvyentus
team,4369,a.c._perugia_calcio,a.c._perxugia_calcio
team,4372,wolverhampton_wanderers_football_club,nan
team,4384,vfl_wolfsburg,vfl_wolsburg
team,4385,juventus,juvetnus
team,4463,juventus,juxventus
team,4486,juventus,juvents
team,4521,juventus,jubventus
team,4537,juventus,juventzus
team,4539,tianjin_teda_f.c.,tianjin_teda_f..
team,4594,clube_de_regatas_do_flamengo,lcube_de_regatas_do_flamengo
team,4617,juventus,juventues
team,4621,juventus,juvenus
team,4673,juventus,uventus
team,4677,juventus,jvuentus
team,4685,wolverhampton_wanderers_football_club,wolverhampton_awnderers_football_club
team,4694,wolverhampton_wanderers_football_club,wolverhampton_wanderers_footpball_club
team,4704,juventus,juvetus
team,4711,juventus,juevntus
team,4722,tianjin_teda_f.c.,nan
team,4725,aik_solna,nan
team,4775,juventus,njuventus
team,4781,juventus,jvuentus
team,4792,p.a.o.k_fc,p.a.o.kfc
team,4798,valencia_cf,nan
team,4838,the_new_saints_f.c.,th_enew_saints_f.c.
team,4842,boavista_f.c.,nan
team,4858,royal_antwerp_f.c.,oyal_antwerp_f.c.
team,4892,juventus,jvuentus
team,4945,wolverhampton_wanderers_football_club,nan
team,4980,royal_antwerp_f.c.,nan
team,4989,juventus,juentus
stadium,10,bmo_field,nan
stadium,84,constant_vanden_stock_stadium,nan
stadium,104,king_power_stadium,nan
stadium,221,bmo_field,nan
stadium,367,santiago_bernabeu_stadium,santiago_bernabu_stadium
stadium,399,bmo_field,nan
stadium,413,veltins-arena,nan
stadium,541,jan_breydel_stadium,nan
stadium,562,veltins-arena,veltins-varena
stadium,631,estadio_da_luz,estadio_dal_uz
stadium,661,allianz_arena_olympic_stadium_munich,allinz_arena_olympic_stadium_munich
stadium,711,santiago_bernabeu_stadium,santiago_bernabeu_stadidum
stadium,785,balaidos,baladios
stadium,810,stade_velodrome,staide_velodrome
stadium,831,jan_breydel_stadium,nan
stadium,982,donbass_arena,nan
stadium,1052,santiago_bernabeu_stadium,santiaugo_bernabeu_stadium
stadium,1059,stadio_olimpico,nan
stadium,1132,bmo_field,bmo_fiedl
stadium,1139,veltins-arena,veltins-arrena
stadium,1155,balaidos,nan
stadium,1183,donbass_arena,nan
stadium,1198,stadio_olimpico,nan
stadium,1203,balaidos,balaibdos
stadium,1228,king_power_stadium,kingp_ower_stadium
stadium,1295,estadio_da_luz,estadio_da_cluz
stadium,1324,bmo_field,bmof_ield
stadium,1420,stadio_san_paolo,sntadio_san_paolo
stadium,1470,st_james__park,st_djames__park
stadium,1488,vicente_calderon_stadium,vicene_calderon_stadium
stadium,1533,allianz_arena_olympic_stadium_munich,nan
stadium,1615,stadio_san_paolo,nan
stadium,1633,king_power_stadium,king_power_stadxium
stadium,1662,king_power_stadium,kinog_power_stadium
stadium,1748,camp_nou,camp_nuo
stadium,1750,king_power_stadium,king_power_stadimu
stadium,1755,stadio_olimpico,stadio_olimpioc
stadium,1807,king_power_stadium,king_power_stdaium
stadium,1811,westfalenstadion,westfalenstadoion
stadium,1814,santiago_bernabeu_stadium,nan
stadium,1820,jan_breydel_stadium,jan_breydel_satdium
stadium,1844,stade_louis_ii,stade_loius_ii
stadium,1953,stadio_olimpico,stadio_olimqpico
stadium,1981,veltins-arena,veltins-arna
stadium,1987,donbass_arena,donbass_raena
stadium,2001,king_power_stadium,ing_power_stadium
stadium,2019,boleyn_ground,nan
stadium,2040,stadio_olimpico,nan
stadium,2082,stadio_olimpico,nan
stadium,2095,king_power_stadium,nan
stadium,2170,veltins-arena,nan
stadium,2182,king_power_stadium,nan
stadium,2215,stade_velodrome,nan
stadium,2278,allianz_arena_olympic_stadium_munich,allianz_arena_oylmpic_stadium_munich
stadium,2282,king_power_stadium,king_power_stgadium
stadium,2322,jan_breydel_stadium,jan_breyedl_stadium
stadium,2324,sporting_park,sportling_park
stadium,2389,vicente_calderon_stadium,nan
stadium,2390,white_hart_lane,white_hat_lane
stadium,2469,santiago_bernabeu_stadium,nan
stadium,2480,bmo_field,bm_field
stadium,2494,westfalenstadion,cwestfalenstadion
stadium,2566,donbass_arena,zdonbass_arena
stadium,2594,constant_vanden_stock_stadium,constant_vanen_stock_stadium
stadium,2632,estadio_da_luz,nan
stadium,2716,santiago_bernabeu_stadium,santiago_pbernabeu_stadium
stadium,2742,stadio_olimpico,tadio_olimpico
stadium,2863,estadio_da_luz,nan
stadium,2869,constant_vanden_stock_stadium,nan
stadium,2877,estadio_da_luz,nan
stadium,2914,stadio_olimpico,nan
stadium,2922,allianz_arena_olympic_stadium_munich,allianz_arena_olympic_stadkium_munich
stadium,2939,stadio_olimpico,nan
stadium,3056,stadio_artemio_franchi,tadio_artemio_franchi
stadium,3068,veltins-arena,veltins-area
stadium,3092,camp_nou,nan
stadium,3150,st_james__park,nan
stadium,3196,stadio_olimpico,nan
stadium,3222,emirates_stadium,memirates_stadium
stadium,3319,westfalenstadion,nan
stadium,3402,veltins-arena,nan
stadium,3490,king_power_stadium,nan
stadium,3511,constant_vanden_stock_stadium,constant_vanden_stokc_stadium
stadium,3641,santiago_bernabeu_stadium,santiago_bernwabeu_stadium
stadium,3646,veltins-arena,voeltins-arena
stadium,3686,king_power_stadium,nan
stadium,3699,estadio_da_luz,nan
stadium,3723,allianz_arena_olympic_stadium_munich,allianz_arena_olympic_stadim_munich
stadium,3761,camp_nou,cam_pnou
stadium,3771,bmo_field,nan
stadium,3839,veltins-arena,veltnis-arena
stadium,3852,constant_vanden_stock_stadium,nan
stadium,3883,bmo_field,nan
stadium,3888,stadio_artemio_franchi,nan
stadium,3912,santiago_bernabeu_stadium,nan
stadium,3954,santiago_bernabeu_stadium,santiago_bernabeu_staium
stadium,3998,estadio_da_luz,nan
stadium,4001,amsterdam_arena,amsterda_marena
stadium,4047,estadio_da_luz,nan
stadium,4064,allianz_arena_olympic_stadium_munich,allianz_arena_olympic_stadium_unich
stadium,4148,veltins-arena,veltins-rena
stadium,4154,king_power_stadium,king_power_stadim
stadium,4268,jan_breydel_stadium,jatn_breydel_stadium
stadium,4269,king_power_stadium,king_power_stadiuim
stadium,4271,allianz_arena_olympic_stadium_munich,nan
stadium,4301,allianz_arena_olympic_stadium_munich,allianz_arena_loympic_stadium_munich
stadium,4312,allianz_arena_olympic_stadium_munich,allianz_arena_olympc_stadium_munich
stadium,4370,king_power_stadium,king_powero_stadium
stadium,4448,bmo_field,bmo_ield
stadium,4542,constant_vanden_stock_stadium,constant_vandn_stock_stadium
stadium,4721,king_power_stadium,nan
stadium,4764,sporting_park,sphorting_park
stadium,4823,bmo_field,nan
stadium,4844,sporting_park,sporzting_park
stadium,4860,constant_vanden_stock_stadium,costant_vanden_stock_stadium
stadium,4879,parc_des_princes,nan
stadium,4884,boleyn_ground,boleyn_rgound
stadium,4889,parc_des_princes,nan
stadium,4916,constant_vanden_stock_stadium,constant_vanden_stcok_stadium
stadium,4926,westfalenstadion,nan
stadium,4968,king_power_stadium,king_powerstadium
stadium,4989,bmo_field,bom_field
stadium,5000,sporting_park,sportng_park
