Attribute,Index,Clean Value,Dirty Value
beer_name,1535,kentucky k?lsch,kentucky kölsch
beer_name,1738,"the kimmie, the yink and the holy gose",the kimmie the yink and the holy gose
beer_name,1640,aslan k?lsch,aslan kölsch
beer_name,1408,k?lsch 151,kölsch 151
beer_name,2204,post time k?lsch,post time kölsch
beer_name,1802,"you're my boy, blue",you're my boy blue
beer_name,2654,32°/50° k?lsch,32°/50° kölsch
beer_name,129,heiner brau k?lsch,heiner brau kölsch
beer_name,1804,mj?llnir,mjöllnir
beer_name,1452,laimas k?lsch style ale,laimas kölsch style ale
beer_name,2309,sunbru k?lsch,sunbru kölsch
beer_name,178,sunbru k?lsch,sunbru kölsch
beer_name,1034,cabrillo k?lsch,cabrillo kölsch
beer_name,2142,screamin??pumpkin,screamin�?pumpkin
beer_name,1615,the 12th can??american pale ale (apa),the 12th can�?american pale ale (apa)
beer_name,195,lancaster german style k?lsch,lancaster german style kölsch
beer_name,1081,occidental k?lsch,occidental kölsch
beer_name,1796,the crowler??,the crowler�?
beer_name,1087,side kick k?lsch,side kick kölsch
beer_name,1760,greybeard??ipa,greybeard�?ipa
beer_name,92,colorado k?lsch,colorado kölsch
beer_name,105,k?ld lager (2010),köld lager (2010)
beer_name,936,loafin br?u,loafin bräu
style,2217,k?lsch,kölsch
style,1535,k?lsch,kölsch
style,550,k?lsch,kölsch
style,1640,k?lsch,kölsch
style,1579,m?rzen / oktoberfest,märzen / oktoberfest
style,1401,k?lsch,kölsch
style,1408,k?lsch,kölsch
style,1613,m?rzen / oktoberfest,märzen / oktoberfest
style,1281,m?rzen / oktoberfest,märzen / oktoberfest
style,2204,k?lsch,kölsch
style,2654,k?lsch,kölsch
style,427,k?lsch,kölsch
style,2055,k?lsch,kölsch
style,2019,k?lsch,kölsch
style,2079,m?rzen / oktoberfest,märzen / oktoberfest
style,2011,m?rzen / oktoberfest,märzen / oktoberfest
style,2438,k?lsch,kölsch
style,129,k?lsch,kölsch
style,681,k?lsch,kölsch
style,1311,k?lsch,kölsch
style,1452,k?lsch,kölsch
style,1968,k?lsch,kölsch
style,2659,k?lsch,kölsch
style,2309,k?lsch,kölsch
style,178,k?lsch,kölsch
style,1300,k?lsch,kölsch
style,1034,k?lsch,kölsch
style,930,m?rzen / oktoberfest,märzen / oktoberfest
style,539,m?rzen / oktoberfest,märzen / oktoberfest
style,2461,m?rzen / oktoberfest,märzen / oktoberfest
style,1567,m?rzen / oktoberfest,märzen / oktoberfest
style,1380,k?lsch,kölsch
style,1313,m?rzen / oktoberfest,märzen / oktoberfest
style,769,k?lsch,kölsch
style,192,k?lsch,kölsch
style,989,m?rzen / oktoberfest,märzen / oktoberfest
style,2383,m?rzen / oktoberfest,märzen / oktoberfest
style,1458,m?rzen / oktoberfest,märzen / oktoberfest
style,1235,k?lsch,kölsch
style,195,k?lsch,kölsch
style,475,k?lsch,kölsch
style,1816,k?lsch,kölsch
style,1626,m?rzen / oktoberfest,märzen / oktoberfest
style,2662,k?lsch,kölsch
style,1617,m?rzen / oktoberfest,märzen / oktoberfest
style,314,m?rzen / oktoberfest,märzen / oktoberfest
style,1081,k?lsch,kölsch
style,696,k?lsch,kölsch
style,1087,k?lsch,kölsch
style,417,m?rzen / oktoberfest,märzen / oktoberfest
style,1992,m?rzen / oktoberfest,märzen / oktoberfest
style,2373,m?rzen / oktoberfest,märzen / oktoberfest
style,1552,k?lsch,kölsch
style,1864,k?lsch,kölsch
style,1995,m?rzen / oktoberfest,märzen / oktoberfest
style,307,m?rzen / oktoberfest,märzen / oktoberfest
style,166,m?rzen / oktoberfest,märzen / oktoberfest
style,1798,k?lsch,kölsch
style,1482,m?rzen / oktoberfest,märzen / oktoberfest
style,1969,k?lsch,kölsch
style,369,m?rzen / oktoberfest,märzen / oktoberfest
style,92,k?lsch,kölsch
style,1357,m?rzen / oktoberfest,märzen / oktoberfest
style,650,k?lsch,kölsch
style,456,m?rzen / oktoberfest,märzen / oktoberfest
style,1410,k?lsch,kölsch
style,874,m?rzen / oktoberfest,märzen / oktoberfest
style,526,m?rzen / oktoberfest,märzen / oktoberfest
style,2035,k?lsch,kölsch
style,1042,m?rzen / oktoberfest,märzen / oktoberfest
style,1645,m?rzen / oktoberfest,märzen / oktoberfest
style,1514,k?lsch,kölsch
brewery_id,2518,267,67
brewery_name,515,abita brewing company,abitda brewing company
brewery_name,2680,against the grain brewery,against the grain brewevry
brewery_name,1294,angry orchard cider company,nan
brewery_name,1579,aviator brewing company,nan
brewery_name,2423,beer works brewery,nan
brewery_name,1002,big elm brewing,nan
brewery_name,986,big wood brewery,big wood breery
brewery_name,1012,blue blood brewing company,bue blood brewing company
brewery_name,1890,bolero snort brewery,nan
brewery_name,2548,brewery vivant,rewery vivant
brewery_name,2542,brewery vivant,breiwery vivant
brewery_name,2541,brewery vivant,brewer vivant
brewery_name,2504,brewery vivant,brewery vivsant
brewery_name,2500,brewery vivant,brewoery vivant
brewery_name,2499,brewery vivant,rewery vivant
brewery_name,2498,brewery vivant,bewery vivant
brewery_name,2481,brewery vivant,brewery vivqant
brewery_name,2476,brewery vivant,breweyr vivant
brewery_name,2467,brewery vivant,berwery vivant
brewery_name,2466,brewery vivant,brewoery vivant
brewery_name,1352,brewery vivant,brewery viavant
brewery_name,1267,brewery vivant,brewery pvivant
brewery_name,1266,brewery vivant,brewery ivvant
brewery_name,1178,brewery vivant,nan
brewery_name,1136,brewery vivant,brewery vivatn
brewery_name,1044,brewery vivant,lbrewery vivant
brewery_name,1033,brewery vivant,brewery vivatn
brewery_name,1031,brewery vivant,breery vivant
brewery_name,909,brewery vivant,brewery ivvant
brewery_name,873,brewery vivant,brewery vivnt
brewery_name,860,brewery vivant,breweryy vivant
brewery_name,677,brewery vivant,brewery vivat
brewery_name,671,brewery vivant,brewey vivant
brewery_name,670,brewery vivant,rewery vivant
brewery_name,669,brewery vivant,brewer vivant
brewery_name,627,brewery vivant,brwewery vivant
brewery_name,387,brewery vivant,bzrewery vivant
brewery_name,385,brewery vivant,brewery viant
brewery_name,384,brewery vivant,berwery vivant
brewery_name,538,buckbean brewing company,nan
brewery_name,2252,coop ale works,nan
brewery_name,1649,central coast brewing company,nan
brewery_name,1725,cigar city brewing company,nan
brewery_name,1887,destihl brewery,destihl brwery
brewery_name,2430,evil czech brewery,evil czech brweery
brewery_name,858,fremont brewing company,frsemont brewing company
brewery_name,2649,great divide brewing company,greaat divide brewing company
brewery_name,189,great river brewery,gerat river brewery
brewery_name,2181,hawai'i nui brewing co.,hawai''i ni brewing co.
brewery_name,989,heavy seas beer,nan
brewery_name,988,heavy seas beer,nan
brewery_name,2408,jailbreak brewing company,nan
brewery_name,1254,james page brewing company,james pag brewing company
brewery_name,574,long trail brewing company,long trail berwing company
brewery_name,2582,lost nation brewing,lost nation berwing
brewery_name,962,mactarnahans brewing company,nan
brewery_name,713,maui brewing company,mauibrewing company
brewery_name,1047,mavericks beer company,nan
brewery_name,2361,minhas craft brewery,nan
brewery_name,1952,mountain town brewing company,nan
brewery_name,602,okoboji brewing company,nan
brewery_name,803,oskar blues brewery,nan
brewery_name,1946,otter creek brewing,otter creke brewing
brewery_name,2633,perrin brewing company,perirn brewing company
brewery_name,2559,pipeworks brewing company,nan
brewery_name,1760,pisgah brewing company,nan
brewery_name,2132,rhinegeist brewery,hrinegeist brewery
brewery_name,2599,santan brewing company,santan brewing comany
brewery_name,839,santan brewing company,nan
brewery_name,2406,smartmouth brewing company,smartmouth bmrewing company
brewery_name,2369,straub brewery,nan
brewery_name,2084,sun king brewing company,sun king brewingc ompany
brewery_name,2409,surly brewing company,nan
brewery_name,361,tailgate beer,tailgajte beer
brewery_name,102,tallgrass brewing company,nan
brewery_name,827,telluride brewing company,telluride brexwing company
brewery_name,2455,the lion brewery,the lion brewrey
brewery_name,1732,the traveler beer company,teh traveler beer company
brewery_name,949,tin man brewing company,nan
brewery_name,2445,tr?egs brewing company,tröegs brewing company
brewery_name,2444,tr?egs brewing company,tröegs brewing company
brewery_name,2203,tr?egs brewing company,tröegs brewing company
brewery_name,1510,tr?egs brewing company,tröegs brewing company
brewery_name,1509,tr?egs brewing company,tröegs brewing company
brewery_name,1042,two brothers brewing company,nan
brewery_name,346,uncommon brewers,nan
brewery_name,345,upslope brewing company,nan
brewery_name,2222,warped wing brewing company,warped wing bbrewing company
brewery_name,575,westbrook brewing company,westbrook brewing compny
brewery_name,2348,weston brewing company,nan
brewery_name,2417,"woodstock inn, station & brewery",woodstock inn station & brewery
brewery_name,2306,"woodstock inn, station & brewery",woodstock inn station & brewery
city,2258,gary,nan
city,1473,washougal,wasfhougal
city,410,hayward,haywbard
city,1426,bloomfield,bwloomfield
city,2496,duluth,nan
city,1541,lincoln,nan
city,1012,lincoln,linconl
city,633,eagle,eale
city,1573,bozeman,bozemn
city,2597,grand rapids,grandr apids
city,2548,grand rapids,grand arpids
city,2542,grand rapids,gkrand rapids
city,2541,grand rapids,grand apids
city,2504,grand rapids,grand rapis
city,2500,grand rapids,gand rapids
city,2499,grand rapids,grand arpids
city,2498,grand rapids,grand raids
city,2481,grand rapids,rgand rapids
city,2476,grand rapids,rand rapids
city,2467,grand rapids,grand rapis
city,2466,grand rapids,grnad rapids
city,2465,grand rapids,gran rapids
city,2433,grand rapids,garnd rapids
city,2418,grand rapids,garand rapids
city,2416,grand rapids,grand arpids
city,2382,grand rapids,grand rapilds
city,2381,grand rapids,graand rapids
city,2290,grand rapids,grnad rapids
city,2241,grand rapids,grand arpids
city,2240,grand rapids,grandr apids
city,2137,grand rapids,grad rapids
city,2101,grand rapids,rand rapids
city,2092,grand rapids,grand rapidfs
city,2091,grand rapids,grandrapids
city,2086,grand rapids,rand rapids
city,627,grand rapids,grandrapids
city,387,grand rapids,grnd rapids
city,385,grand rapids,grand rapis
city,384,grand rapids,grandd rapids
city,793,ashland,nan
city,1719,morganton,nan
city,2003,denver,nan
city,982,pawtucket,nan
city,2171,astoria,nan
city,2303,aurora,nan
city,1990,aurora,akurora
city,1244,davenport,daveonport
city,655,davenport,nan
city,190,davenport,davenpyort
city,2375,birmingham,nan
city,1653,boston,nan
city,2295,windsor,winsor
city,2195,springfield,springifeld
city,502,austin,autsin
city,2163,kalona,nan
city,1686,york,oyrk
city,125,flagstaff,nan
city,1716,belfast,belafst
city,712,lahaina,lahania
city,2275,monroe,nan
city,521,bucryus,nan
city,479,bucryus,buciryus
city,399,seattle,seabttle
city,2579,export,nan
city,2249,lansdale,nan
city,1995,chandler,chanler
city,764,chandler,chandlre
city,1942,durango,dfurango
city,2024,southampton,nan
city,2296,hattiesburg,nan
city,2386,durango,druango
city,925,huntsville,hhuntsville
city,1314,indianapolis,idianapolis
city,874,indianapolis,nan
city,1164,san diego,nan
city,2555,manhattan,nan
city,2447,bridgman,nan
city,1982,evanston,nan
city,2119,richmond,richmodn
city,1037,bronx,brownx
city,1277,traverse city,traverse ciy
city,2622,evansville,evnasville
city,974,salt lake city,nan
city,543,santa cruz,nan
city,1681,salt lake city,nsalt lake city
city,1030,westminster,westinster
city,1836,portland,nan
city,1194,nellysford,nan
city,2417,north woodstock,nan
state,173,ca,a
state,2403,or,nan
state,1818,ca,a
state,1738,ca,a
state,2589,co,oc
state,1426,ct,t
state,1776,ma,a
state,1422,co,nan
state,168,mt,nan
state,1898,ca,a
state,1897,ca,a
state,1896,ca,a
state,1496,mi,nan
state,1319,ne,nan
state,1614,co,nan
state,1183,co,nan
state,397,co,oc
state,83,co,nan
state,2636,mi,im
state,2023,mi,mai
state,2315,or,nan
state,1941,nj,nan
state,2349,fl,nan
state,1809,dc,c
state,1455,co,o
state,809,il,nan
state,2171,or,ohr
state,901,wa,nan
state,1960,ca,a
state,1489,ca,nan
state,1296,ca,nan
state,2202,il,l
state,476,az,afz
state,143,az,za
state,142,az,za
state,1331,va,nan
state,506,mt,tm
state,2195,or,ro
state,2357,tx,xt
state,1405,pa,nan
state,2436,ak,ka
state,1675,pa,nan
state,2332,nc,nan
state,1090,vt,nan
state,1475,ga,a
state,1262,nm,nan
state,1234,tx,x
state,1985,mi,i
state,2529,il,li
state,1046,mo,nan
state,625,az,saz
state,326,az,za
state,132,az,za
state,131,az,za
state,314,ri,nan
state,585,co,nan
state,847,mo,nan
state,64,az,za
state,2063,az,za
state,1995,az,z
state,1934,az,axz
state,1329,az,z
state,1299,az,aqz
state,1073,az,ajz
state,1072,az,za
state,1071,az,za
state,852,az,z
state,850,az,z
state,839,az,zaz
state,777,az,aqz
state,764,az,za
state,317,az,z
state,286,az,za
state,285,az,nan
state,124,az,avz
state,1588,pa,ap
state,2405,va,a
state,1969,tx,nan
state,1820,il,nan
state,1205,va,av
state,2155,il,nan
state,1198,wy,wfy
state,1748,ny,nan
state,2561,co,oc
state,1932,co,cio
state,2222,oh,ho
