Attribute,Index,Dirty Value,Clean Value
surname,28,oqtillio,otillio
surname,37,muluszynsik,muluszynski
surname,97,mcain,mccain
surname,126,rouchlaleau,rouchaleau
surname,141,alpente,alpuente
surname,181,alpuenet,alpuente
surname,203,alpente,alpuente
surname,224,agirain,aigrain
surname,226,aigran,aigrain
surname,243,aigrvain,aigrain
surname,267,aigran,aigrain
surname,279,locngobardi,longobardi
surname,287,alpunete,alpuente
surname,362,aifgrain,aigrain
surname,373,dinglle,dingle
surname,446,airain,aigrain
surname,491,gnutxzmann,gnutzmann
surname,553,debry,derby
surname,555,kappnoer,kappner
surname,632,aigraidn,aigrain
surname,639,alpente,alpuente
surname,665,iagrain,aigrain
surname,670,alpueynte,alpuente
surname,675,alpente,alpuente
surname,804,piero,pierro
surname,814,aigqrain,aigrain
surname,889,rkino,rikino
surname,997,aigraidn,aigrain
surname,1048,kovik,kolvik
surname,1051,kontso,kontos
surname,1088,agrain,aigrain
surname,1158,hxenriksson,henriksson
surname,1191,aigarin,aigrain
surname,1218,alpuenet,alpuente
surname,1272,alpuete,alpuente
surname,1297,lapuente,alpuente
surname,1321,rocco,ruocco
surname,1333,aigarin,aigrain
surname,1363,aigarin,aigrain
surname,1417,alpuenet,alpuente
surname,1423,hofsettter,hofstetter
surname,1468,aigrani,aigrain
surname,1477,alpuenet,alpuente
surname,1491,alpuenet,alpuente
surname,1502,agirain,aigrain
surname,1582,longmobardi,longobardi
surname,1734,aigrani,aigrain
surname,1745,lpuente,alpuente
surname,1798,aigran,aigrain
surname,1865,aigraicn,aigrain
surname,1912,alpusente,alpuente
surname,1953,aigrani,aigrain
surname,1979,ushra,usha
surname,1982,alpuepnte,alpuente
surname,2020,coppola***,coppola
surname,2031,airgain,aigrain
surname,2064,agirain,aigrain
surname,2079,pasual,pascual
surname,2084,airain,aigrain
surname,2134,lapuente,alpuente
surname,2180,aelpuente,alpuente
surname,2225,wack,waack
surname,2231,agirain,aigrain
surname,2257,wack,waack
surname,2309,felciando,felciano
surname,2324,dannbeerg,danneberg
surname,2380,igrain,aigrain
surname,2388,agrain,aigrain
surname,2409,harbion,harbison
surname,2410,airgain,aigrain
surname,2448,empty,ro;dl
surname,2500,airgain,aigrain
surname,2515,agirain,aigrain
surname,2529,aigain,aigrain
surname,2543,musnter,munster
surname,2595,aigwrain,aigrain
surname,2600,hemanns,hermanns
surname,2602,alpeunte,alpuente
surname,2605,mallorquhi,mallorqui
surname,2725,alpuentte,alpuente
surname,2744,airain,aigrain
surname,2768,felciqano,felciano
surname,2804,nozka,nozaka
surname,2824,acigrain,aigrain
surname,2842,aigrmain,aigrain
surname,2854,newsctead,newstead
surname,2893,lpuente,alpuente
surname,2910,lpuente,alpuente
surname,2935,alpuenet,alpuente
surname,2992,musselmacn,musselman
surname,3031,maytska,matyska
surname,3047,alpunte,alpuente
surname,3111,aiqgrain,aigrain
surname,3170,ttimkovsky,timkovsky
surname,3171,muselman,musselman
surname,3276,ypoccoz,yoccoz
surname,3309,airgain,aigrain
surname,3344,alpuehnte,alpuente
surname,3348,aelpuente,alpuente
surname,3388,apluente,alpuente
surname,3389,apuente,alpuente
surname,3406,aigrakin,aigrain
surname,3427,aigrani,aigrain
surname,3435,aigrabin,aigrain
surname,3453,airgrain,aigrain
surname,3462,aigrlain,aigrain
surname,3464,iagrain,aigrain
surname,3498,fecliano,felciano
surname,3499,agrain,aigrain
surname,3533,woin,wolin
surname,3600,czodenie,codenie
surname,3621,alpunete,alpuente
surname,3632,nzoaka,nozaka
surname,3703,alupente,alpuente
surname,3772,brugnao,brugnano
surname,3790,alpuenkte,alpuente
surname,3825,apuente,alpuente
surname,3851,schloegl,schloegel
surname,3925,kalpuente,alpuente
surname,3938,airgain,aigrain
surname,3946,shackle,shackel
surname,3955,agrain,aigrain
surname,4004,alpuentfe,alpuente
surname,4006,lpuente,alpuente
surname,4053,airain,aigrain
surname,4058,besnacenot,besancenot
surname,4118,alpunete,alpuente
surname,4123,aigrdain,aigrain
surname,4219,munstler,munster
surname,4239,konikowskha,konikowska
surname,4273,gul,gull
surname,4284,usa,usha
surname,4346,dedrood,dedood
surname,4359,hore,hoare
surname,4384,ghzal,ghezal
surname,4417,aigraain,aigrain
surname,4438,agrain,aigrain
surname,4448,arigrain,aigrain
surname,4449,otilloi,otillio
surname,4460,hfstetter,hofstetter
surname,4477,agirain,aigrain
surname,4526,alpurente,alpuente
surname,4543,hogdan,hogan
surname,4621,henriksson***,henriksson
surname,4693,empty,aigrain
surname,4753,alqpuente,alpuente
surname,4817,alpuentve,alpuente
surname,4844,aigrian,aigrain
surname,4878,guoixng,guoxing
surname,4886,fvare,favre
surname,4901,airgain,aigrain
surname,4983,aigurain,aigrain
surname,5011,clemm***,clemm
surname,5026,iagrain,aigrain
surname,5204,agirain,aigrain
surname,5238,yannakoudaksi,yannakoudakis
surname,5271,aigain,aigrain
surname,5276,abxraham,abraham
surname,5290,aigrbain,aigrain
surname,5339,palmoar,palomar
surname,5358,ksuakabe,kusakabe
surname,5382,aigrwain,aigrain
surname,5397,ananratone,annaratone
surname,5424,asigrain,aigrain
surname,5451,alpuete,alpuente
surname,5485,airain,aigrain
surname,5536,aigain,aigrain
surname,5568,alpuenet,alpuente
surname,5580,alpuentde,alpuente
surname,5583,alpquente,alpuente
surname,5648,aigrani,aigrain
surname,5732,agirain,aigrain
surname,5743,alpujente,alpuente
surname,5766,lesperancce,lesperance
surname,5770,lefker,leifker
surname,5772,alpuengte,alpuente
surname,5804,alpuete,alpuente
surname,5817,agirain,aigrain
surname,5820,alpuenet,alpuente
surname,5825,savazria,savaria
surname,5837,zablee,zabele
surname,5857,aigraizn,aigrain
surname,5874,aigran,aigrain
surname,5890,alpuenet,alpuente
surname,5896,feliano,felciano
surname,6009,fabrizo,fabrizio
surname,6013,touertzky,touretzky
surname,6047,raigrain,aigrain
surname,6051,ashsh,ashish
surname,6090,aigarin,aigrain
surname,6122,aqlpuente,alpuente
surname,6140,alpuete,alpuente
surname,6148,ahlpuente,alpuente
surname,6200,tischendrf,tischendorf
surname,6220,igrain,aigrain
surname,6268,kmavasseri,kavasseri
surname,6323,benen,benn
surname,6349,iagrain,aigrain
surname,6372,alpuene,alpuente
surname,6426,alpuenet,alpuente
surname,6499,alpuene,alpuente
surname,6523,stolvoitch,stolovitch
surname,6547,devrovye,devroye
surname,6607,mattihson,mattison
surname,6691,alpeunte,alpuente
surname,6747,reimp,remp
surname,6752,igrain,aigrain
surname,6826,aigarin,aigrain
surname,6832,halroff,harloff
surname,6883,todmii,tomii
surname,6888,alpyuente,alpuente
surname,6895,apuente,alpuente
surname,6930,palomkar,palomar
surname,6973,bliix,blix
surname,6998,konqikowska,konikowska
surname,7036,aigriain,aigrain
surname,7087,qaigrain,aigrain
surname,7088,alhpuente,alpuente
surname,7154,aigrani,aigrain
surname,7171,hudelmajier,hudelmaier
surname,7177,alpuetnte,alpuente
surname,7197,aigrin,aigrain
surname,7216,alpente,alpuente
surname,7243,mlicia,milicia
surname,7247,lichenwsky,lichnewsky
surname,7262,alpuenet,alpuente
surname,7329,aigcrain,aigrain
surname,7373,aigrian,aigrain
surname,7402,togin,togni
surname,7423,alpuenkte,alpuente
surname,7430,aiegrain,aigrain
surname,7434,agrain,aigrain
surname,7449,aigran,aigrain
surname,7510,allpuente,alpuente
surname,7515,agirain,aigrain
surname,7549,aigrian,aigrain
surname,7581,gjodo,godo
surname,7602,liochnewsky,lichnewsky
surname,7721,alpuene,alpuente
surname,7738,aigain,aigrain
surname,7746,aigrin,aigrain
surname,7831,aigrani,aigrain
surname,7841,wepener,weener
surname,7853,alpuxente,alpuente
surname,7873,rbayne,rayne
surname,7874,alupente,alpuente
surname,7887,balboin,balboni
surname,7900,besancenomt,besancenot
surname,7924,apuente,alpuente
surname,7942,awlpuente,alpuente
surname,7964,schueta,schupeta
surname,7972,roseeler,roeseler
surname,7991,lpuente,alpuente
surname,8034,ahigrain,aigrain
surname,8076,aluente,alpuente
surname,8332,otillio***,otillio
surname,8341,aigrian,aigrain
surname,8343,aigrani,aigrain
surname,8380,toimi,tomii
surname,8480,gubitozso,gubitoso
surname,8482,aigramin,aigrain
surname,8490,otillipo,otillio
surname,8542,daynneberg,danneberg
surname,8559,real,rael
surname,8574,aigrani,aigrain
surname,8600,tichendorf,tischendorf
surname,8605,alpuenet,alpuente
surname,8664,airgain,aigrain
surname,8667,agirain,aigrain
surname,8682,weenre,weener
surname,8731,shacekl,shackel
surname,8765,apluente,alpuente
surname,8786,akigrain,aigrain
surname,8825,aigarin,aigrain
surname,8831,pascaul,pascual
surname,8846,airain,aigrain
surname,8874,degdood,dedood
surname,8877,alpuentee,alpuente
surname,8911,prenekl,prenel
surname,8926,cxagman,cagman
surname,8945,alpuete,alpuente
surname,8974,aigralin,aigrain
surname,8993,speker,specker
surname,9026,aigrian,aigrain
surname,9034,zkajak,zajak
surname,9101,larzab,larab
surname,9143,aluente,alpuente
surname,9168,alpueonte,alpuente
surname,9180,alpuentre,alpuente
surname,9216,afigrain,aigrain
surname,9262,goqss,goss
surname,9275,svchwartzel,schwartzel
surname,9356,kraetlz,kraetzl
surname,9421,aigrani,aigrain
surname,9473,alpuewnte,alpuente
surname,9519,airain,aigrain
surname,9594,llewelblyn,llewellyn
surname,9613,alpuoente,alpuente
surname,9667,aigraimn,aigrain
surname,9691,alpente,alpuente
surname,9728,aigtrain,aigrain
surname,9739,ksuakabe,kusakabe
surname,9799,igrain,aigrain
surname,9801,apuente,alpuente
surname,9826,adlpuente,alpuente
surname,9923,alpuenzte,alpuente
surname,9977,alpuenet,alpuente
birthyear,120,1998,1989
birthyear,321,9181,1981
birthyear,636,1987,1978
birthyear,842,1979,1997
birthyear,1516,1929,1992
birthyear,1604,1798,1978
birthyear,1728,1967,1976
birthyear,1861,1987,1978
birthyear,1942,1987,1978
birthyear,1995,9178,1978
birthyear,2150,9178,1978
birthyear,2384,1890,1980
birthyear,2674,1979,1997
birthyear,2733,9193,1993
birthyear,2752,9184,1984
birthyear,3062,1987,1978
birthyear,3202,9189,1989
birthyear,3287,9177,1977
birthyear,3537,1967,1976
birthyear,3597,1967,1976
birthyear,4033,1938,1983
birthyear,4091,1979,1997
birthyear,4117,9190,1990
birthyear,4307,1987,1978
birthyear,4574,1798,1978
birthyear,4828,1987,1978
birthyear,5093,1893,1983
birthyear,5188,9182,1982
birthyear,5196,1928,1982
birthyear,5308,1987,1978
birthyear,5384,1928,1982
birthyear,5559,1987,1978
birthyear,5715,1928,1982
birthyear,5786,1918,1981
birthyear,5811,1918,1981
birthyear,6054,1987,1978
birthyear,6185,9186,1986
birthyear,6225,9184,1984
birthyear,6317,1948,1984
birthyear,6333,1798,1978
birthyear,6870,1987,1978
birthyear,6913,9182,1982
birthyear,6997,1969,1996
birthyear,7028,1979,1997
birthyear,7066,1978,1987
birthyear,7104,9197,1997
birthyear,7140,1892,1982
birthyear,7168,9182,1982
birthyear,7211,1949,1994
birthyear,7498,1938,1983
birthyear,7752,1894,1984
birthyear,7759,1919,1991
birthyear,7945,1919,1991
birthyear,8234,1929,1992
birthyear,8301,9197,1997
birthyear,8489,1928,1982
birthyear,8505,1919,1991
birthyear,8595,1928,1982
birthyear,8645,9185,1985
birthyear,8683,1896,1986
birthyear,8754,9196,1996
birthyear,8780,9189,1989
birthyear,8783,1919,1991
birthyear,8851,9182,1982
birthyear,8925,1892,1982
birthyear,9088,1898,1988
birthyear,9142,1908,1980
birthyear,9154,9178,1978
birthyear,9228,9197,1997
birthyear,9593,1987,1978
birthyear,9624,1928,1982
birthyear,9730,1928,1982
birthplace,80,paco,pasco
birthplace,91,cnakry,conakry
birthplace,124,greesnboro,greensboro
birthplace,379,l,el
birthplace,412,baoton,baton
birthplace,466,chcago,chicago
birthplace,490,l,el
birthplace,569,agascalientes,aguascalientes
birthplace,601,gainesivlle,gainesville
birthplace,636,l,el
birthplace,652,belin,berlin
birthplace,817,daakr,dakar
birthplace,842,wrocester,worcester
birthplace,874,worcestre,worcester
birthplace,1000,chicasgo,chicago
birthplace,1018,cnakry,conakry
birthplace,1025,toulose,toulouse
birthplace,1098,ecl,el
birthplace,1136,l,el
birthplace,1188,gulfpotr,gulfport
birthplace,1202,chicazgo,chicago
birthplace,1206,brussls,brussels
birthplace,1239,dayotn,dayton
birthplace,1375,ds,des
birthplace,1424,mian,milan
birthplace,1430,empty,gulfport
birthplace,1443,amrillo,amarillo
birthplace,1485,pohrtland,portland
birthplace,1604,le,el
birthplace,1639,chicao,chicago
birthplace,1690,dess,des
birthplace,1713,milna,milan
birthplace,1750,guartemala,guatemala
birthplace,1861,le,el
birthplace,1879,wel,el
birthplace,1881,wocester,worcester
birthplace,1930,valodsta,valdosta
birthplace,1942,le,el
birthplace,1994,chicaog,chicago
birthplace,2150,l,el
birthplace,2265,l,el
birthplace,2282,eql,el
birthplace,2311,lmoe,lome
birthplace,2320,mialn,milan
birthplace,2391,evl,el
birthplace,2396,l,el
birthplace,2427,lisbno,lisbon
birthplace,2433,kev,kiev
birthplace,2465,munih,munich
birthplace,2517,chciago,chicago
birthplace,2608,worcestre,worcester
birthplace,2619,chiago,chicago
birthplace,2667,hicago,chicago
birthplace,2674,worecster,worcester
birthplace,2685,prgaue,prague
birthplace,2798,nel,el
birthplace,2827,agusta,augusta
birthplace,2829,buffao,buffalo
birthplace,2830,birmngham,birmingham
birthplace,2836,vadosta,valdosta
birthplace,2902,mongtomery,montgomery
birthplace,2926,tir,tri
birthplace,2959,missoupla,missoula
birthplace,3011,milna,milan
birthplace,3020,vaiul,vail
birthplace,3052,l,el
birthplace,3062,l,el
birthplace,3066,le,el
birthplace,3091,moroe,monroe
birthplace,3096,azmarillo,amarillo
birthplace,3153,wtorcester,worcester
birthplace,3185,amstrdam,amsterdam
birthplace,3210,birminghm,birmingham
birthplace,3248,le,el
birthplace,3397,myrlte,myrtle
birthplace,3418,valdota,valdosta
birthplace,3471,dallas***,dallas
birthplace,3551,cicago,chicago
birthplace,3659,toko,tokyo
birthplace,3676,lexinrgton,lexington
birthplace,3694,vel,el
birthplace,3751,sn,san
birthplace,3847,lchicago,chicago
birthplace,3964,cozmuel,cozumel
birthplace,3993,valdosat,valdosta
birthplace,4091,worceszter,worcester
birthplace,4132,detkroit,detroit
birthplace,4150,saarsota,sarasota
birthplace,4157,wrocester,worcester
birthplace,4195,exl,el
birthplace,4211,gufport,gulfport
birthplace,4307,le,el
birthplace,4320,guayams,guaymas
birthplace,4371,praris,paris
birthplace,4477,vali,vail
birthplace,4492,wocester,worcester
birthplace,4574,l,el
birthplace,4576,wrcester,worcester
birthplace,4590,ulfport,gulfport
birthplace,4604,ornge,orange
birthplace,4635,shreveporrt,shreveport
birthplace,4710,roankoe,roanoke
birthplace,4721,kel,el
birthplace,4761,chcago,chicago
birthplace,4764,chicgao,chicago
birthplace,4770,chiacgo,chicago
birthplace,4797,l,el
birthplace,4802,gulpfort,gulfport
birthplace,4824,wchita,wichita
birthplace,4828,ehl,el
birthplace,4903,mobiel,mobile
birthplace,4924,cel,el
birthplace,4971,maon,macon
birthplace,4981,gulfpotr,gulfport
birthplace,5024,l,el
birthplace,5025,uel,el
birthplace,5028,pnaama,panama
birthplace,5029,roaonke,roanoke
birthplace,5083,prage,prague
birthplace,5188,gufport,gulfport
birthplace,5196,empty,gulfport
birthplace,5234,santiabgo,santiago
birthplace,5307,worcestker,worcester
birthplace,5308,l,el
birthplace,5322,pascto,pasco
birthplace,5343,le,el
birthplace,5346,videnna,vienna
birthplace,5348,worcster,worcester
birthplace,5384,gulfpot,gulfport
birthplace,5417,zihuateneo,zihuatenejo
birthplace,5499,bnerlin,berlin
birthplace,5512,padsco,pasco
birthplace,5527,geulfport,gulfport
birthplace,5559,enl,el
birthplace,5594,windhioek,windhoek
birthplace,5620,gulfpgort,gulfport
birthplace,5634,gulfort,gulfport
birthplace,5708,elok,elko
birthplace,5715,gulfeport,gulfport
birthplace,5733,shreveort,shreveport
birthplace,5779,lso,los
birthplace,5803,moible,mobile
birthplace,5898,istnbul,istanbul
birthplace,5922,birmingheam,birmingham
birthplace,6054,le,el
birthplace,6059,l,el
birthplace,6074,gqulfport,gulfport
birthplace,6182,l,el
birthplace,6190,panajma,panama
birthplace,6200,wocester,worcester
birthplace,6222,gulport,gulfport
birthplace,6243,lhyon,lyon
birthplace,6277,reon,reno
birthplace,6328,le,el
birthplace,6333,erl,el
birthplace,6361,chareston,charleston
birthplace,6402,wrocester,worcester
birthplace,6428,billingcs,billings
birthplace,6555,le,el
birthplace,6603,sozuth,south
birthplace,6612,cihcago,chicago
birthplace,6618,empty,chicago
birthplace,6651,gulfort,gulfport
birthplace,6660,guflport,gulfport
birthplace,6673,greait,great
birthplace,6681,gwulfport,gulfport
birthplace,6706,guvlfport,gulfport
birthplace,6725,tamap,tampa
birthplace,6865,brusels,brussels
birthplace,6866,chincago,chicago
birthplace,6870,le,el
birthplace,6889,cicago,chicago
birthplace,6913,glufport,gulfport
birthplace,6918,barcoelona,barcelona
birthplace,6935,evl,el
birthplace,6981,seatte,seattle
birthplace,7028,worcestr,worcester
birthplace,7104,worceser,worcester
birthplace,7107,melborune,melbourne
birthplace,7168,gulpfort,gulfport
birthplace,7207,hel,el
birthplace,7261,bdeaumont,beaumont
birthplace,7314,panaam,panama
birthplace,7356,moroe,monroe
birthplace,7429,gulfoprt,gulfport
birthplace,7531,tkyo,tokyo
birthplace,7552,widhoek,windhoek
birthplace,7574,macno,macon
birthplace,7610,toulousle,toulouse
birthplace,7622,worcesfter,worcester
birthplace,7655,stouth,south
birthplace,7753,dbes,des
birthplace,7868,niec,nice
birthplace,7872,auugsta,augusta
birthplace,7932,guflport,gulfport
birthplace,7945,chicgo,chicago
birthplace,7951,gulfpkort,gulfport
birthplace,8056,erl,el
birthplace,8129,ulfport,gulfport
birthplace,8173,l,el
birthplace,8175,detoroit,detroit
birthplace,8185,soulth,south
birthplace,8241,cologrado,colorado
birthplace,8243,mobiel,mobile
birthplace,8263,worcster,worcester
birthplace,8385,nssau,nassau
birthplace,8440,beaumnt,beaumont
birthplace,8461,l,el
birthplace,8488,tir,tri
birthplace,8489,gulfoprt,gulfport
birthplace,8505,achicago,chicago
birthplace,8544,monoe,monroe
birthplace,8546,mlian,milan
birthplace,8565,missoiula,missoula
birthplace,8595,ulfport,gulfport
birthplace,8600,wrcester,worcester
birthplace,8637,twion,twin
birthplace,8654,gulfprot,gulfport
birthplace,8780,brcelona,barcelona
birthplace,8783,cicago,chicago
birthplace,8851,gulfjport,gulfport
birthplace,8864,caeracas,caracas
birthplace,8872,indianaplis,indianapolis
birthplace,8925,gulfpot,gulfport
birthplace,8960,dyothan,dothan
birthplace,8988,gulfoprt,gulfport
birthplace,9154,l,el
birthplace,9189,luoisville,louisville
birthplace,9207,vil,vail
birthplace,9228,worcesetr,worcester
birthplace,9229,beauont,beaumont
birthplace,9239,psaco,pasco
birthplace,9245,nwark,newark
birthplace,9381,le,el
birthplace,9382,elok,elko
birthplace,9413,gulfpot,gulfport
birthplace,9447,sounth,south
birthplace,9523,worcestxer,worcester
birthplace,9593,efl,el
birthplace,9614,roanokge,roanoke
birthplace,9624,gulfpotr,gulfport
birthplace,9634,souh,south
birthplace,9645,psaco,pasco
birthplace,9727,l,el
birthplace,9730,gulfpotr,gulfport
birthplace,9782,frankfucrt,frankfurt
birthplace,9871,le,el
birthplace,9874,mtemphis,memphis
birthplace,9893,gulfprot,gulfport
birthplace,9946,chicaago,chicago
birthplace,9947,milna,milan
birthplace,9954,pjanama,panama
position,17,midifeld,midfield
position,156,defendr,defender
position,201,deefnder,defender
position,204,defnder,defender
position,320,forwadr,forward
position,346,defbender,defender
position,461,midfied,midfield
position,554,defeder,defender
position,644,deender,defender
position,648,dfeender,defender
position,777,defendeer,defender
position,794,defendwer,defender
position,799,defendher,defender
position,834,midzfield,midfield
position,884,defeender,defender
position,936,goaleeper,goalkeeper
position,1000,deifender,defender
position,1046,forwatrd,forward
position,1084,forawrd,forward
position,1112,dfeender,defender
position,1194,defener,defender
position,1199,deender,defender
position,1202,deefnder,defender
position,1232,dfeender,defender
position,1278,defendr,defender
position,1421,deender,defender
position,1424,mdifield,midfield
position,1431,mdfield,midfield
position,1539,defzender,defender
position,1548,defendre,defender
position,1579,denfender,defender
position,1639,defendeer,defender
position,1723,defendr,defender
position,1828,defenjder,defender
position,1855,defedner,defender
position,1942,defnder,defender
position,1961,fowrard,forward
position,1994,defenedr,defender
position,2043,migdfield,midfield
position,2058,defendher,defender
position,2080,goaleeper,goalkeeper
position,2088,forwawrd,forward
position,2104,forwad,forward
position,2147,midfiedl,midfield
position,2265,defneder,defender
position,2322,defneder,defender
position,2336,defnder,defender
position,2368,mifield,midfield
position,2391,defneder,defender
position,2396,defedner,defender
position,2407,defuender,defender
position,2417,mjidfield,midfield
position,2433,derfender,defender
position,2470,defeqnder,defender
position,2478,dfender,defender
position,2517,defener,defender
position,2540,defnder,defender
position,2604,defendr,defender
position,2619,ddefender,defender
position,2664,defneder,defender
position,2667,defwender,defender
position,2718,midield,midfield
position,2742,dewfender,defender
position,2777,galkeeper,goalkeeper
position,2792,defnder,defender
position,2812,defnder,defender
position,2848,defelnder,defender
position,2885,goalkeeer,goalkeeper
position,2929,defendr,defender
position,3015,defener,defender
position,3043,defenedr,defender
position,3050,defenedr,defender
position,3052,defener,defender
position,3066,dfeender,defender
position,3103,midfnield,midfield
position,3109,midfiedl,midfield
position,3116,deefnder,defender
position,3154,midfiled,midfield
position,3306,goalkeper,goalkeeper
position,3314,myidfield,midfield
position,3417,defendr,defender
position,3458,midfiled,midfield
position,3459,defeder,defender
position,3501,forwadr,forward
position,3521,deender,defender
position,3533,defener,defender
position,3551,defedner,defender
position,3603,midfied,midfield
position,3615,defendre,defender
position,3616,defedner,defender
position,3708,deefnder,defender
position,3720,defendr,defender
position,3770,defendr,defender
position,3779,defendr,defender
position,3842,defedner,defender
position,3871,defedner,defender
position,4112,defedner,defender
position,4159,defnder,defender
position,4223,goalkeeepr,goalkeeper
position,4248,deefnder,defender
position,4258,midield,midfield
position,4270,defneder,defender
position,4362,deefnder,defender
position,4371,defener,defender
position,4396,mifield,midfield
position,4583,defedner,defender
position,4615,defendevr,defender
position,4638,deefnder,defender
position,4681,defeder,defender
position,4708,defedner,defender
position,4746,defendre,defender
position,4748,defedner,defender
position,4758,defenrder,defender
position,4761,defendre,defender
position,4770,defencder,defender
position,4793,deefnder,defender
position,4794,defedner,defender
position,4828,dfefender,defender
position,4846,defendemr,defender
position,4924,defendzer,defender
position,4950,defenedr,defender
position,4981,midyfield,midfield
position,5005,dfender,defender
position,5006,deefnder,defender
position,5024,defneder,defender
position,5036,dfeender,defender
position,5163,dfeender,defender
position,5193,defejnder,defender
position,5257,defennder,defender
position,5308,dfender,defender
position,5343,defener,defender
position,5441,deefnder,defender
position,5514,defbender,defender
position,5530,dfeender,defender
position,5534,mifield,midfield
position,5538,defener,defender
position,5559,defneder,defender
position,5577,depfender,defender
position,5630,defeder,defender
position,5643,diefender,defender
position,5663,dfeender,defender
position,5785,defendr,defender
position,5970,defendr,defender
position,6000,forwahrd,forward
position,6026,forawrd,forward
position,6052,defkender,defender
position,6057,dfender,defender
position,6079,defendder,defender
position,6132,goaleeper,goalkeeper
position,6182,defedner,defender
position,6234,midifeld,midfield
position,6246,defenedr,defender
position,6286,defendr,defender
position,6301,midfiqeld,midfield
position,6333,defeneder,defender
position,6334,defener,defender
position,6347,fowrard,forward
position,6389,defenuder,defender
position,6408,defengder,defender
position,6418,defendre,defender
position,6449,defnder,defender
position,6451,defneder,defender
position,6473,defnder,defender
position,6485,defendr,defender
position,6495,deefnder,defender
position,6497,defenhder,defender
position,6555,dzefender,defender
position,6591,defendr,defender
position,6612,dfeender,defender
position,6618,dfeender,defender
position,6637,defenhder,defender
position,6647,defendre,defender
position,6662,midfiedl,midfield
position,6781,demfender,defender
position,6809,midfiedl,midfield
position,6870,defenqder,defender
position,6889,defeder,defender
position,6935,defnder,defender
position,7034,defneder,defender
position,7041,defendeqr,defender
position,7077,midield,midfield
position,7087,defenedr,defender
position,7207,defendr,defender
position,7225,defenedr,defender
position,7257,defenedr,defender
position,7296,deender,defender
position,7427,midfiedl,midfield
position,7463,midifeld,midfield
position,7502,dfeender,defender
position,7522,mirdfield,midfield
position,7535,goalkeepre,goalkeeper
position,7541,goalkeepre,goalkeeper
position,7586,midfjield,midfield
position,7625,defeder,defender
position,7791,defenlder,defender
position,7832,defendre,defender
position,7841,defeder,defender
position,7851,defener,defender
position,7866,defener,defender
position,7868,defeder,defender
position,7916,degfender,defender
position,7945,defendre,defender
position,7989,forwrd,forward
position,8054,midfied,midfield
position,8076,forawrd,forward
position,8123,forard,forward
position,8196,mdfield,midfield
position,8220,dfeender,defender
position,8240,defeder,defender
position,8390,midfiedl,midfield
position,8420,fowrward,forward
position,8432,defenedr,defender
position,8436,forwadr,forward
position,8477,midfiled,midfield
position,8490,midfied,midfield
position,8505,defendr,defender
position,8646,midfeild,midfield
position,8735,defendevr,defender
position,8762,defenedr,defender
position,8783,defendre,defender
position,8805,mikdfield,midfield
position,8887,dfeender,defender
position,8899,midifeld,midfield
position,8914,defeder,defender
position,8999,defneder,defender
position,9015,defener,defender
position,9029,defendre,defender
position,9109,defedner,defender
position,9124,deefnder,defender
position,9154,defendevr,defender
position,9162,deefnder,defender
position,9198,defneder,defender
position,9222,defwender,defender
position,9230,mdifield,midfield
position,9233,goalekeper,goalkeeper
position,9333,defneder,defender
position,9422,defeknder,defender
position,9526,defendr,defender
position,9558,maidfield,midfield
position,9587,defendr,defender
position,9593,defeder,defender
position,9611,midfeild,midfield
position,9694,defendr,defender
position,9715,maidfield,midfield
position,9728,midfxield,midfield
position,9749,midifeld,midfield
position,9871,defener,defender
position,9872,deefnder,defender
position,9907,defenedr,defender
position,9923,fworward,forward
position,9946,deefnder,defender
position,9947,midfielqd,midfield
team,78,valenci_acf,valencia_cf
team,96,new_yrok_red_bulls,new_york_red_bulls
team,102,wset_ham_united_f.c.,west_ham_united_f.c.
team,126,avlencia_cf,valencia_cf
team,170,c_anzhi_makhachkala,fc_anzhi_makhachkala
team,174,valencia_ccf,valencia_cf
team,176,juventuos,juventus
team,184,clube_de_rgeatas_do_flamengo,clube_de_regatas_do_flamengo
team,195,juvents,juventus
team,207,jvuentus,juventus
team,218,jventus,juventus
team,226,p.a.o.kfc,p.a.o.k_fc
team,246,juevntus,juventus
team,289,fcspartak_moscow,fc_spartak_moscow
team,294,acf_fiorentina,fc_dinamo_bucuresti
team,305,juvenhtus,juventus
team,352,juvenuts,juventus
team,365,new_york_red_ulls,new_york_red_bulls
team,399,jventus,juventus
team,441,juvnetus,juventus
team,462,jventus,juventus
team,515,acf_fiorentina,fc_dinamo_bucuresti
team,610,juvepntus,juventus
team,637,acf_fiorentina,fc_dinamo_bucuresti
team,678,juventuls,juventus
team,683,a.c._perugi_calcio,a.c._perugia_calcio
team,710,juvnetus,juventus
team,772,juventsu,juventus
team,775,pjuventus,juventus
team,778,aalborg_blodspilklub,aalborg_boldspilklub
team,822,juvents,juventus
team,840,s.c._brdaga,s.c._braga
team,877,acf_fiorentina,fc_dinamo_bucuresti
team,890,juvents,juventus
team,891,fc_saprtak_moscow,fc_spartak_moscow
team,943,juvnetus,juventus
team,976,boavistta_f.c.,boavista_f.c.
team,987,juvetnus,juventus
team,1011,juvenus,juventus
team,1049,acf_fiorentina,fc_dinamo_bucuresti
team,1084,juvntus,juventus
team,1086,acf_fiorentina,fc_dinamo_bucuresti
team,1116,jvuentus,juventus
team,1132,juvntus,juventus
team,1145,ajuventus,juventus
team,1167,wolerhampton_wanderers_football_club,wolverhampton_wanderers_football_club
team,1174,boavsta_f.c.,boavista_f.c.
team,1227,juventous,juventus
team,1258,ljuventus,juventus
team,1260,jventus,juventus
team,1296,juevntus,juventus
team,1317,juvenztus,juventus
team,1319,ai_ksolna,aik_solna
team,1357,valenciac_f,valencia_cf
team,1361,ijuventus,juventus
team,1371,v_werder_bremen,sv_werder_bremen
team,1381,juventsu,juventus
team,1399,acf_fiorentina,fc_dinamo_bucuresti
team,1434,juevntus,juventus
team,1437,jwuventus,juventus
team,1438,juvwentus,juventus
team,1445,new_yor_kred_bulls,new_york_red_bulls
team,1452,juvntus,juventus
team,1463,juvents,juventus
team,1512,juventsu,juventus
team,1516,fc_bayer_nmunich,fc_bayern_munich
team,1520,juventuqs,juventus
team,1533,vlf_wolfsburg,vfl_wolfsburg
team,1540,acf_fiorentina,fc_dinamo_bucuresti
team,1593,juventsu,juventus
team,1616,juvenntus,juventus
team,1656,acf_fiorentmina,acf_fiorentina
team,1669,acf_fiorentina,fc_dinamo_bucuresti
team,1686,juvetus,juventus
team,1717,juvetnus,juventus
team,1731,juventsu,juventus
team,1753,acf_fiorentina,fc_dinamo_bucuresti
team,1756,acf_fiorentina,fc_dinamo_bucuresti
team,1762,jvuentus,juventus
team,1766,juevntus,juventus
team,1776,juvenus,juventus
team,1813,juvents,juventus
team,1852,juvsentus,juventus
team,1864,acf_fiorentina,fc_dinamo_bucuresti
team,1939,aalborg_boldspikllub,aalborg_boldspilklub
team,1967,juvnetus,juventus
team,1992,acf_fiorentina,fc_dinamo_bucuresti
team,1998,juvnetus,juventus
team,2000,juevntus,juventus
team,2017,ajuventus,juventus
team,2033,royal_antwer_f.c.,royal_antwerp_f.c.
team,2049,valencia_f,valencia_cf
team,2059,jvuentus,juventus
team,2068,aalfborg_boldspilklub,aalborg_boldspilklub
team,2089,juevntus,juventus
team,2108,juvetnus,juventus
team,2135,acf_fiorentina,fc_dinamo_bucuresti
team,2136,fc_kasierslautern,fc_kaiserslautern
team,2144,juevntus,juventus
team,2207,juevntus,juventus
team,2215,montpellier_hc,montpellier_hsc
team,2225,jventus,juventus
team,2249,p.ar.o.k_fc,p.a.o.k_fc
team,2257,juventuxs,juventus
team,2297,a.c._perugia_calcipo,a.c._perugia_calcio
team,2308,juventujs,juventus
team,2345,the_new_saintso_f.c.,the_new_saints_f.c.
team,2422,royal_antwerp_f..c,royal_antwerp_f.c.
team,2534,juventuss,juventus
team,2554,juvenptus,juventus
team,2555,acf_fiorentina,fc_dinamo_bucuresti
team,2565,ryoal_antwerp_f.c.,royal_antwerp_f.c.
team,2603,.sc._braga,s.c._braga
team,2657,mntpellier_hsc,montpellier_hsc
team,2676,juventsu,juventus
team,2691,juentus,juventus
team,2730,a.c._rperugia_calcio,a.c._perugia_calcio
team,2739,juvnetus,juventus
team,2842,fc_anzhie_makhachkala,fc_anzhi_makhachkala
team,2881,boakvista_f.c.,boavista_f.c.
team,2943,boavista_.fc.,boavista_f.c.
team,2945,aalborg_bzoldspilklub,aalborg_boldspilklub
team,2968,juvenptus,juventus
team,3003,jouventus,juventus
team,3037,judventus,juventus
team,3075,juventsu,juventus
team,3089,.a.o.k_fc,p.a.o.k_fc
team,3108,avlencia_cf,valencia_cf
team,3113,juvents,juventus
team,3123,tainjin_teda_f.c.,tianjin_teda_f.c.
team,3128,borussia_omnchengladbach,borussia_monchengladbach
team,3186,acf_fiorentina,fc_dinamo_bucuresti
team,3253,ujventus,juventus
team,3255,acf_fiorentina,fc_dinamo_bucuresti
team,3271,juvetus,juventus
team,3272,acf_fiorentina,fc_dinamo_bucuresti
team,3278,juventsu,juventus
team,3383,juvntus,juventus
team,3412,fc_kaiserslauern,fc_kaiserslautern
team,3527,west_ham_tunited_f.c.,west_ham_united_f.c.
team,3536,.c._braga,s.c._braga
team,3622,acf_fiorentina,fc_dinamo_bucuresti
team,3696,acf_fiorentina,fc_dinamo_bucuresti
team,3701,juventgus,juventus
team,3712,juvenus,juventus
team,3757,spormt_club_internacional,sport_club_internacional
team,3780,acf_fiorentina,fc_dinamo_bucuresti
team,3785,brussia_monchengladbach,borussia_monchengladbach
team,3828,juvnetus,juventus
team,3892,fc_sprtak_moscow,fc_spartak_moscow
team,3937,juvetnus,juventus
team,3940,acf_fiorentina,fc_dinamo_bucuresti
team,3971,juevntus,juventus
team,3995,toronto_fcc,toronto_fc
team,4001,acf_fiorentina,fc_dinamo_bucuresti
team,4039,jvuentus,juventus
team,4061,boavsta_f.c.,boavista_f.c.
team,4079,juvents,juventus
team,4086,.a.o.k_fc,p.a.o.k_fc
team,4089,valenchia_cf,valencia_cf
team,4101,juventfus,juventus
team,4124,jcuventus,juventus
team,4142,ujventus,juventus
team,4158,tianjin_teda_fj.c.,tianjin_teda_f.c.
team,4160,vfl_woclfsburg,vfl_wolfsburg
team,4180,juvents,juventus
team,4215,fc_midtyjlland,fc_midtjylland
team,4242,valenci_cf,valencia_cf
team,4303,juventsu,juventus
team,4306,borusdsia_monchengladbach,borussia_monchengladbach
team,4331,sleattle_sounders,seattle_sounders
team,4361,juvenus,juventus
team,4385,juvehntus,juventus
team,4398,acf_fiorentina,fc_dinamo_bucuresti
team,4463,juveontus,juventus
team,4468,the_new_saints_f.zc.,the_new_saints_f.c.
team,4486,juventujs,juventus
team,4505,acf_fiorentina,fc_dinamo_bucuresti
team,4521,jventus,juventus
team,4537,juvekntus,juventus
team,4582,delfino_pescara_1h936,delfino_pescara_1936
team,4617,juveuntus,juventus
team,4621,jventus,juventus
team,4648,royal_antwercp_f.c.,royal_antwerp_f.c.
team,4673,vjuventus,juventus
team,4677,juvenus,juventus
team,4701,acf_fiorentina,fc_dinamo_bucuresti
team,4704,juventuds,juventus
team,4705,avlencia_cf,valencia_cf
team,4711,juentus,juventus
team,4751,acf_fiorentina,fc_dinamo_bucuresti
team,4760,f_bayern_munich,fc_bayern_munich
team,4775,juvetus,juventus
team,4781,juvetntus,juventus
team,4821,acf_fiorentina,fc_dinamo_bucuresti
team,4879,the_new_saints_f..c,the_new_saints_f.c.
team,4892,juvnetus,juventus
team,4976,acf_fiorentina,fc_dinamo_bucuresti
team,4989,juvenus,juventus
team,5010,delfino_pescra_1936,delfino_pescara_1936
team,5022,acf_fiorentina,fc_dinamo_bucuresti
team,5023,juventkus,juventus
team,5025,fores_green_rovers_f.c.,forest_green_rovers_f.c.
team,5027,valeencia_cf,valencia_cf
team,5072,acf_fiorentina,fc_dinamo_bucuresti
team,5151,acf_firoentina,acf_fiorentina
team,5156,jvuentus,juventus
team,5198,acf_fiorentina,fc_dinamo_bucuresti
team,5305,west_ham_unitde_f.c.,west_ham_united_f.c.
team,5372,juvenuts,juventus
team,5379,seattle_soundes,seattle_sounders
team,5406,juveuntus,juventus
team,5426,juvnetus,juventus
team,5445,acf_fiorentina,fc_dinamo_bucuresti
team,5446,juuventus,juventus
team,5469,a.c._perubgia_calcio,a.c._perugia_calcio
team,5550,acf_fiorentina,fc_dinamo_bucuresti
team,5558,he_new_saints_f.c.,the_new_saints_f.c.
team,5583,p.ak.o.k_fc,p.a.o.k_fc
team,5589,.c._braga,s.c._braga
team,5680,juvpentus,juventus
team,5694,hte_new_saints_f.c.,the_new_saints_f.c.
team,5713,acf_fiorentina,fc_dinamo_bucuresti
team,5718,juvents,juventus
team,5725,boavista_.fc.,boavista_f.c.
team,5726,p.aw.o.k_fc,p.a.o.k_fc
team,5749,acf_fiorentina,fc_dinamo_bucuresti
team,5758,tianji_teda_f.c.,tianjin_teda_f.c.
team,5776,juventtus,juventus
team,5791,club_atletico_velez_sarfsield,club_atletico_velez_sarsfield
team,5795,ujventus,juventus
team,5825,acf_fiorentina,fc_dinamo_bucuresti
team,5928,juqventus,juventus
team,5933,juventsu,juventus
team,5946,boavwista_f.c.,boavista_f.c.
team,5951,juvengtus,juventus
team,5962,boavista_f..c,boavista_f.c.
team,5968,juentus,juventus
team,5971,jvuentus,juventus
team,6003,juveentus,juventus
team,6004,acf_fiorentina,fc_dinamo_bucuresti
team,6101,borussia_monchengladbazch,borussia_monchengladbach
team,6107,jventus,juventus
team,6146,fc_spartak_omscow,fc_spartak_moscow
team,6179,lille_omsc,lille_osc
team,6189,juventyus,juventus
team,6202,a.c._perugia_calco,a.c._perugia_calcio
team,6229,juventuys,juventus
team,6230,boavistaf.c.,boavista_f.c.
team,6234,juventuys,juventus
team,6237,s.c._bragya,s.c._braga
team,6270,boavisat_f.c.,boavista_f.c.
team,6384,juveontus,juventus
team,6406,p.a..ok_fc,p.a.o.k_fc
team,6417,tianjin_tedaf_.c.,tianjin_teda_f.c.
team,6475,ujventus,juventus
team,6488,juventgus,juventus
team,6494,juventbus,juventus
team,6503,acf_fiorentina,fc_dinamo_bucuresti
team,6544,the_enw_saints_f.c.,the_new_saints_f.c.
team,6575,acf_fiorentina,fc_dinamo_bucuresti
team,6590,acf_fiorentina,fc_dinamo_bucuresti
team,6593,clube_de_regatavs_do_flamengo,clube_de_regatas_do_flamengo
team,6637,clube_de_regatas_do_lamengo,clube_de_regatas_do_flamengo
team,6701,the_new_saint_sf.c.,the_new_saints_f.c.
team,6730,juventaus,juventus
team,6757,juventubs,juventus
team,6763,p.ao.k_fc,p.a.o.k_fc
team,6822,jventus,juventus
team,6833,juvenuts,juventus
team,6846,the_new_aints_f.c.,the_new_saints_f.c.
team,6877,jvuentus,juventus
team,6899,juventsu,juventus
team,6964,juvetus,juventus
team,6965,the_xnew_saints_f.c.,the_new_saints_f.c.
team,6970,acf_fiorentina,fc_dinamo_bucuresti
team,6972,acf_fiorentina,fc_dinamo_bucuresti
team,7019,lile_osc,lille_osc
team,7021,jventus,juventus
team,7109,the_new_saintis_f.c.,the_new_saints_f.c.
team,7118,jvuentus,juventus
team,7271,juvenetus,juventus
team,7276,juvetnus,juventus
team,7277,juvents,juventus
team,7309,juvetus,juventus
team,7313,west_hamu_nited_f.c.,west_ham_united_f.c.
team,7343,juvenus,juventus
team,7392,juvetus,juventus
team,7394,boavistaf.c.,boavista_f.c.
team,7399,monstpellier_hsc,montpellier_hsc
team,7419,the_new_sainst_f.c.,the_new_saints_f.c.
team,7420,juventsu,juventus
team,7450,juventfus,juventus
team,7453,juvnetus,juventus
team,7459,valenica_cf,valencia_cf
team,7467,acf_fiorentina,fc_dinamo_bucuresti
team,7516,royal_antwerpd_f.c.,royal_antwerp_f.c.
team,7553,jventus,juventus
team,7620,juventuus,juventus
team,7630,juventaus,juventus
team,7638,acf_fiorentina,fc_dinamo_bucuresti
team,7645,juevntus,juventus
team,7664,a.c._prugia_calcio,a.c._perugia_calcio
team,7665,acf_fiorentina,fc_dinamo_bucuresti
team,7669,juventsu,juventus
team,7739,juvenus,juventus
team,7741,sv_werdr_bremen,sv_werder_bremen
team,7771,juventkus,juventus
team,7801,sporpt_club_internacional,sport_club_internacional
team,7844,juvenctus,juventus
team,7853,p..o.k_fc,p.a.o.k_fc
team,7908,seattle_soundrs,seattle_sounders
team,7926,pl.a.o.k_fc,p.a.o.k_fc
team,7970,acf_fiorentina,fc_dinamo_bucuresti
team,7976,acf_fiorgentina,acf_fiorentina
team,7987,fc_midtjyllannd,fc_midtjylland
team,8019,a.c._perugia_aclcio,a.c._perugia_calcio
team,8064,aaplborg_boldspilklub,aalborg_boldspilklub
team,8069,juvetnus,juventus
team,8083,new_yyork_red_bulls,new_york_red_bulls
team,8195,acf_fiorentina,fc_dinamo_bucuresti
team,8246,acf_fiorentina,fc_dinamo_bucuresti
team,8272,p.a.o.kfc,p.a.o.k_fc
team,8284,juventsu,juventus
team,8321,jvuentus,juventus
team,8334,juaventus,juventus
team,8348,acf_fiorentina,fc_dinamo_bucuresti
team,8385,acf_fiorentina,fc_dinamo_bucuresti
team,8434,juventuis,juventus
team,8437,juevntus,juventus
team,8443,acf_fiorentina,fc_dinamo_bucuresti
team,8475,acf_fiorentina,fc_dinamo_bucuresti
team,8488,juvenus,juventus
team,8518,the_new_saintps_f.c.,the_new_saints_f.c.
team,8520,jvuentus,juventus
team,8530,acf_fiorentina,fc_dinamo_bucuresti
team,8568,tianjin_teda_ef.c.,tianjin_teda_f.c.
team,8570,acf_fiorentina,fc_dinamo_bucuresti
team,8597,gjuventus,juventus
team,8607,juventgus,juventus
team,8635,juventsu,juventus
team,8685,juvents,juventus
team,8725,fc_bayeron_munich,fc_bayern_munich
team,8740,juvetus,juventus
team,8763,valncia_cf,valencia_cf
team,8799,fc_bayern_munyich,fc_bayern_munich
team,8824,juvientus,juventus
team,8843,juventsu,juventus
team,8857,juventsu,juventus
team,8862,jiuventus,juventus
team,8938,p.a.o.kfc,p.a.o.k_fc
team,8978,juventsu,juventus
team,9022,juvexntus,juventus
team,9092,juvetus,juventus
team,9122,juvgentus,juventus
team,9142,sv_werderbremen,sv_werder_bremen
team,9208,fc_spartakmoscow,fc_spartak_moscow
team,9218,juventgus,juventus
team,9243,junventus,juventus
team,9244,juvnetus,juventus
team,9273,juventaus,juventus
team,9280,acf_fiorentina,fc_dinamo_bucuresti
team,9292,juventsu,juventus
team,9355,acf_fiorentina,fc_dinamo_bucuresti
team,9418,acf_fiorentian,acf_fiorentina
team,9465,ujventus,juventus
team,9484,jventus,juventus
team,9508,juvetus,juventus
team,9542,cf_fiorentina,acf_fiorentina
team,9573,p.a.o.kfc,p.a.o.k_fc
team,9575,new_york_reed_bulls,new_york_red_bulls
team,9579,acf_fiorentina,fc_dinamo_bucuresti
team,9580,juqventus,juventus
team,9594,acf_fiorentina,fc_dinamo_bucuresti
team,9603,fc_anzhi_makhachkaa,fc_anzhi_makhachkala
team,9705,valencia_fc,valencia_cf
team,9738,acf_fiorentina,fc_dinamo_bucuresti
team,9746,acf_fiorentina,fc_dinamo_bucuresti
team,9773,ojuventus,juventus
team,9795,vfl_wofsburg,vfl_wolfsburg
team,9883,juevntus,juventus
team,9884,juvenrtus,juventus
team,9897,xfc_nordsjelland,fc_nordsjelland
team,9925,valnecia_cf,valencia_cf
team,9950,jucventus,juventus
stadium,116,mo_field,bmo_field
stadium,126,santiago_bernabeu_tadium,santiago_bernabeu_stadium
stadium,182,stadio_sanz_paolo,stadio_san_paolo
stadium,499,vcamp_nou,camp_nou
stadium,527,bmo_pfield,bmo_field
stadium,593,san_siro_stadim,san_siro_stadium
stadium,721,allianza_rena_olympic_stadium_munich,allianz_arena_olympic_stadium_munich
stadium,777,jan_breyde_lstadium,jan_breydel_stadium
stadium,1035,balados,balaidos
stadium,1037,king_power_stadqium,king_power_stadium
stadium,1078,king_powerstadium,king_power_stadium
stadium,1090,onbass_arena,donbass_arena
stadium,1316,veltin-sarena,veltins-arena
stadium,1350,bom_field,bmo_field
stadium,1357,stadio_dolimpico,stadio_olimpico
stadium,1381,obmo_field,bmo_field
stadium,1388,donbass_harena,donbass_arena
stadium,1429,san_siro_stdaium,san_siro_stadium
stadium,1477,arc_des_princes,parc_des_princes
stadium,1489,empty,constant_vanden_stock_stadium
stadium,1534,stade_velodrme,stade_velodrome
stadium,1588,bo_field,bmo_field
stadium,1598,kiung_power_stadium,king_power_stadium
stadium,1620,bolveyn_ground,boleyn_ground
stadium,1625,king_powre_stadium,king_power_stadium
stadium,1635,donebass_arena,donbass_arena
stadium,1751,veltin-arena,veltins-arena
stadium,1787,santiago_bernabeu_stadum,santiago_bernabeu_stadium
stadium,1890,estadnio_da_luz,estadio_da_luz
stadium,1932,sportnig_park,sporting_park
stadium,1938,bmro_field,bmo_field
stadium,2112,stadios_olimpico,stadio_olimpico
stadium,2255,dobnass_arena,donbass_arena
stadium,2326,constatn_vanden_stock_stadium,constant_vanden_stock_stadium
stadium,2368,stade_lous_ii,stade_louis_ii
stadium,2394,emiratess_tadium,emirates_stadium
stadium,2478,balaios,balaidos
stadium,2567,allianz_arena_olympic_stadium_munich***,allianz_arena_olympic_stadium_munich
stadium,2696,allianz_arena_olypmic_stadium_munich,allianz_arena_olympic_stadium_munich
stadium,2741,veljtins-arena,veltins-arena
stadium,2743,estadio_daj_luz,estadio_da_luz
stadium,2762,empty,constant_vanden_stock_stadium
stadium,2799,camp_noeu,camp_nou
stadium,2816,donbass_arnea,donbass_arena
stadium,2822,stadioo_limpico,stadio_olimpico
stadium,2838,empty,constant_vanden_stock_stadium
stadium,2906,kin_power_stadium,king_power_stadium
stadium,2954,tsadio_san_paolo,stadio_san_paolo
stadium,3078,donbaszs_arena,donbass_arena
stadium,3165,stadi_olimpico,stadio_olimpico
stadium,3169,estadio_daw_luz,estadio_da_luz
stadium,3288,stade_luis_ii,stade_louis_ii
stadium,3592,empty,constant_vanden_stock_stadium
stadium,3701,bmo_fiqeld,bmo_field
stadium,3722,empty,stadio_olimpico
stadium,3754,santiago_brenabeu_stadium,santiago_bernabeu_stadium
stadium,3798,jan_breyel_stadium,jan_breydel_stadium
stadium,3855,bleyn_ground,boleyn_ground
stadium,3921,allianza_rena_olympic_stadium_munich,allianz_arena_olympic_stadium_munich
stadium,3959,constant_vanden_kstock_stadium,constant_vanden_stock_stadium
stadium,4160,westfalenstaion,westfalenstadion
stadium,4178,odnbass_arena,donbass_arena
stadium,4257,jan_breydel_stadimu,jan_breydel_stadium
stadium,4309,bmo_fielnd,bmo_field
stadium,4347,parc_des_princeks,parc_des_princes
stadium,4375,stadio_san_paoclo,stadio_san_paolo
stadium,4397,san_siro_stadeium,san_siro_stadium
stadium,4427,donbas_arena,donbass_arena
stadium,4430,ikng_power_stadium,king_power_stadium
stadium,4508,ptarc_des_princes,parc_des_princes
stadium,4527,donbaszs_arena,donbass_arena
stadium,4539,estadio_da_lruz,estadio_da_luz
stadium,4768,donbss_arena,donbass_arena
stadium,4772,allianz_arena_olypmic_stadium_munich,allianz_arena_olympic_stadium_munich
stadium,4788,allianz_arena_olympic_stadium_munich***,allianz_arena_olympic_stadium_munich
stadium,4812,estadio_daluz,estadio_da_luz
stadium,4887,vetlins-arena,veltins-arena
stadium,4893,santiago_bernabeu_staium,santiago_bernabeu_stadium
stadium,4963,kin_gpower_stadium,king_power_stadium
stadium,5014,constant_vandenr_stock_stadium,constant_vanden_stock_stadium
stadium,5060,dstadio_san_paolo,stadio_san_paolo
stadium,5105,esatdio_da_luz,estadio_da_luz
stadium,5113,santiago_bernabu_stadium,santiago_bernabeu_stadium
stadium,5222,donbakss_arena,donbass_arena
stadium,5320,allianz_arena_olympihc_stadium_munich,allianz_arena_olympic_stadium_munich
stadium,5352,white_ahrt_lane,white_hart_lane
stadium,5404,parc_de_princes,parc_des_princes
stadium,5428,gerhard_hanappi_staduim,gerhard_hanappi_stadium
stadium,5477,allianza_rena_olympic_stadium_munich,allianz_arena_olympic_stadium_munich
stadium,5489,balaidsos,balaidos
stadium,5504,odnbass_arena,donbass_arena
stadium,5591,santiagot_bernabeu_stadium,santiago_bernabeu_stadium
stadium,5604,constant_vanden_stockstadium,constant_vanden_stock_stadium
stadium,5630,stadio_olmpico,stadio_olimpico
stadium,5707,allianz_arena_olympic_stadiqum_munich,allianz_arena_olympic_stadium_munich
stadium,5708,bxalaidos,balaidos
stadium,5725,vletins-arena,veltins-arena
stadium,5786,donbass_arean,donbass_arena
stadium,5807,staido_olimpico,stadio_olimpico
stadium,5921,sporitng_park,sporting_park
stadium,6336,bmdo_field,bmo_field
stadium,6587,baladios,balaidos
stadium,6669,king_powerw_stadium,king_power_stadium
stadium,6841,szantiago_bernabeu_stadium,santiago_bernabeu_stadium
stadium,6855,stade_vgelodrome,stade_velodrome
stadium,6899,bmo_fied,bmo_field
stadium,6950,bmo_fwield,bmo_field
stadium,6965,santiao_bernabeu_stadium,santiago_bernabeu_stadium
stadium,7035,stade_elouis_ii,stade_louis_ii
stadium,7038,veltins-argena,veltins-arena
stadium,7154,sportingp_ark,sporting_park
stadium,7307,capm_nou,camp_nou
stadium,7387,veltins-arrena,veltins-arena
stadium,7455,tbalaidos,balaidos
stadium,7518,empty,constant_vanden_stock_stadium
stadium,7541,empty,stadio_olimpico
stadium,7562,stadio_olimipco,stadio_olimpico
stadium,7730,stdaio_olimpico,stadio_olimpico
stadium,7817,balaids,balaidos
stadium,7920,stadi_olimpico,stadio_olimpico
stadium,7982,sansiro_stadium,san_siro_stadium
stadium,8137,baliados,balaidos
stadium,8147,donbjass_arena,donbass_arena
stadium,8267,blaidos,balaidos
stadium,8280,santiaog_bernabeu_stadium,santiago_bernabeu_stadium
stadium,8288,stadoi_san_paolo,stadio_san_paolo
stadium,8392,jan_breydel_stadimu,jan_breydel_stadium
stadium,8405,bmo_fild,bmo_field
stadium,8503,prac_des_princes,parc_des_princes
stadium,8507,suan_siro_stadium,san_siro_stadium
stadium,8517,kin_power_stadium,king_power_stadium
stadium,8547,bmgo_field,bmo_field
stadium,8602,jan_breydel_stdaium,jan_breydel_stadium
stadium,8616,sporting_prak,sporting_park
stadium,8715,boley_ground,boleyn_ground
stadium,8786,psorting_park,sporting_park
stadium,8883,bm_field,bmo_field
stadium,8890,psorting_park,sporting_park
stadium,9028,veltins-rena,veltins-arena
stadium,9049,satdio_artemio_franchi,stadio_artemio_franchi
stadium,9132,stadio_loimpico,stadio_olimpico
stadium,9366,san_siro_stradium,san_siro_stadium
stadium,9402,king_power_stdaium,king_power_stadium
stadium,9555,stadio_olimpco,stadio_olimpico
stadium,9607,estdio_da_luz,estadio_da_luz
stadium,9627,kingp_ower_stadium,king_power_stadium
stadium,9791,stadio_artemio_franci,stadio_artemio_franchi
